-- MySQL dump 10.13  Distrib 8.0.28, for Win64 (x86_64)
--
-- Host: mysql    Database: service_demo
-- ------------------------------------------------------
-- Server version	8.0.22

/*!40101 SET @OLD_CHARACTER_SET_CLIENT=@@CHARACTER_SET_CLIENT */;
/*!40101 SET @OLD_CHARACTER_SET_RESULTS=@@CHARACTER_SET_RESULTS */;
/*!40101 SET @OLD_COLLATION_CONNECTION=@@COLLATION_CONNECTION */;
/*!50503 SET NAMES utf8mb4 */;
/*!40103 SET @OLD_TIME_ZONE=@@TIME_ZONE */;
/*!40103 SET TIME_ZONE='+00:00' */;
/*!40014 SET @OLD_UNIQUE_CHECKS=@@UNIQUE_CHECKS, UNIQUE_CHECKS=0 */;
/*!40014 SET @OLD_FOREIGN_KEY_CHECKS=@@FOREIGN_KEY_CHECKS, FOREIGN_KEY_CHECKS=0 */;
/*!40101 SET @OLD_SQL_MODE=@@SQL_MODE, SQL_MODE='NO_AUTO_VALUE_ON_ZERO' */;
/*!40111 SET @OLD_SQL_NOTES=@@SQL_NOTES, SQL_NOTES=0 */;

--
-- Table structure for table `api_matcher`
--

DROP TABLE IF EXISTS `api_matcher`;
/*!40101 SET @saved_cs_client     = @@character_set_client */;
/*!50503 SET character_set_client = utf8mb4 */;
CREATE TABLE `api_matcher` (
  `id` char(19) NOT NULL,
  `matches` json DEFAULT NULL,
  `methods` json DEFAULT NULL,
  `no_matches` json DEFAULT NULL,
  `required_any` json DEFAULT NULL,
  `required_all` json DEFAULT NULL,
  `stop_chain` tinyint(1) DEFAULT NULL,
  `sort` int DEFAULT '100',
  `created_by` char(50) DEFAULT NULL,
  `create_time` timestamp NOT NULL DEFAULT CURRENT_TIMESTAMP,
  `updated_by` char(50) DEFAULT NULL,
  `update_time` timestamp NOT NULL DEFAULT CURRENT_TIMESTAMP,
  PRIMARY KEY (`id`)
) ENGINE=InnoDB DEFAULT CHARSET=utf8;
/*!40101 SET character_set_client = @saved_cs_client */;

--
-- Dumping data for table `api_matcher`
--

LOCK TABLES `api_matcher` WRITE;
/*!40000 ALTER TABLE `api_matcher` DISABLE KEYS */;
INSERT INTO `api_matcher` VALUES ('1531524206164647937','[\"/admin/page\"]','[\"post\"]','[]','[\"1515162951845838849\"]','[]',1,100,'admin1','2022-05-31 14:33:20','admin1','2022-06-01 17:51:41'),('1531525191649927170','[\"/admin\"]','[\"post\"]','[]','[\"1497811074932543489\"]','[]',1,100,'admin1','2022-05-31 14:37:15','admin1','2022-05-31 14:40:35'),('1531525255365599234','[\"/admin\"]','[\"put\"]','[]','[\"1497811107790721025\"]','[]',1,100,'admin1','2022-05-31 14:37:30','admin1','2022-06-01 17:51:13'),('1531525300903157761','[\"/admin\"]','[\"delete\"]','[]','[\"1497825987499515906\"]','[]',1,100,'admin1','2022-05-31 14:37:41','admin1','2022-05-31 14:37:41'),('1531526471466295298','[\"/permission/list\"]','[\"get\"]','[]','[\"1512328763396460545\"]','[]',1,100,'admin1','2022-05-31 14:42:20','admin1','2022-05-31 14:51:46'),('1531526910140162049','[\"/permission\"]','[\"post\"]','[]','[\"1497825987499515912\"]','[]',1,100,'admin1','2022-05-31 14:44:04','admin1','2022-05-31 14:45:17'),('1531526910140162050','[\"/permission\"]','[\"put\"]','[]','[\"1497825987499515913\"]','[]',1,100,'admin1','2022-05-31 14:44:04','admin1','2022-05-31 14:46:19'),('1531526910140162051','[\"/permission\"]','[\"delete\"]','[]','[\"1497825987499515914\"]','[]',1,100,'admin1','2022-05-31 14:44:04','admin1','2022-06-01 17:51:18'),('1531528164908146690','[\"/permission/{id}\"]','[\"get\"]','[\"/permission/list\"]','[\"1497825987499515913\"]','[]',1,100,'admin1','2022-05-31 14:49:04','admin1','2022-05-31 14:50:10'),('1531529983252176897','[\"/role/page\"]','[\"post\"]','[]','[\"1515162854164692993\"]','[]',1,100,'admin1','2022-05-31 14:56:17','admin1','2022-05-31 14:56:17'),('1531529983252176898','[\"/role\"]','[\"post\"]','[]','[\"1497825987499515908\"]','[]',1,100,'admin1','2022-05-31 14:56:17','admin1','2022-05-31 14:57:16'),('1531529983252176899','[\"/role\"]','[\"put\"]','[]','[\"1497825987499515909\"]','[]',1,100,'admin1','2022-05-31 14:56:17','admin1','2022-05-31 17:29:36'),('1531529983252176900','[\"/role\"]','[\"delete\"]','[]','[\"1497825987499515909\"]','[]',1,100,'admin1','2022-05-31 14:56:17','admin1','2022-05-31 14:57:35'),('1531534116365463553','[\"/permission/apiMatcher\"]','[\"post\"]','[]','[\"1531534845398413314\"]','[]',1,100,'admin1','2022-05-31 15:12:43','admin1','2022-05-31 15:21:24'),('1531534196078211074','[\"/permission/apiMatcher/page\"]','[\"post\"]','[]','[\"1531534708215312385\"]','[]',1,100,'admin1','2022-05-31 15:13:02','admin1','2022-05-31 15:21:14'),('1531536057879425026','[\"/permission/apiMatcher\"]','[\"put\"]','[]','[\"1531534936343506946\"]','[]',1,100,'admin1','2022-05-31 15:20:25','admin1','2022-05-31 17:31:31'),('1531536096425078785','[\"/permission/apiMatcher\"]','[\"post\"]','[]','[\"1531534845398413314\"]','[]',1,100,'admin1','2022-05-31 15:20:35','admin1','2022-05-31 17:31:57'),('1531568715216953346','[\"/permission/granted/{roleId}\"]','[\"get\"]','[]','[\"1497825987499515909\"]','[]',1,100,'admin1','2022-05-31 17:30:12','admin1','2022-05-31 17:30:12'),('1531886934079303682','[\"/sysBase/sysParam/page\"]','[\"post\"]','[]','[]','[\"1531538822886260737\"]',1,100,'admin1','2022-06-01 14:34:41','admin1','2022-06-01 14:34:41'),('1531887127373803522','[\"/sysBase/sysParam\"]','[\"post\"]','[]','[\"1531539264869433346\"]','[]',1,100,'admin1','2022-06-01 14:35:27','admin1','2022-06-01 14:35:27'),('1531887434405244929','[\"/sysBase/sysParam\"]','[\"put\"]','[]','[\"1531539318556524545\"]','[]',1,100,'admin1','2022-06-01 14:36:40','admin1','2022-06-01 14:36:53'),('1531887543222267906','[\"/sysBase/sysParam\"]','[\"delete\"]','[]','[\"1531539413511372801\"]','[]',1,100,'admin1','2022-06-01 14:37:06','admin1','2022-06-01 14:37:06');
/*!40000 ALTER TABLE `api_matcher` ENABLE KEYS */;
UNLOCK TABLES;

--
-- Table structure for table `back_admin`
--

DROP TABLE IF EXISTS `back_admin`;
/*!40101 SET @saved_cs_client     = @@character_set_client */;
/*!50503 SET character_set_client = utf8mb4 */;
CREATE TABLE `back_admin` (
  `id` char(19) NOT NULL COMMENT 'Id',
  `username` varchar(40) NOT NULL COMMENT '用户名',
  `nick_name` varchar(40) DEFAULT NULL COMMENT '昵称',
  `status` tinyint DEFAULT '1',
  `role_id` char(19) DEFAULT NULL COMMENT '角色Id',
  `avatar` varchar(128) DEFAULT NULL COMMENT '头像',
  `password` varchar(128) NOT NULL DEFAULT '123456' COMMENT '密码',
  `last_login_ip` varchar(50) DEFAULT NULL,
  `last_login_time` timestamp NULL DEFAULT NULL,
  `created_by` char(50) DEFAULT NULL,
  `create_time` timestamp NOT NULL DEFAULT CURRENT_TIMESTAMP COMMENT '创建时间',
  `updated_by` char(50) DEFAULT NULL,
  `update_time` timestamp NOT NULL DEFAULT CURRENT_TIMESTAMP COMMENT '更新时间',
  PRIMARY KEY (`id`),
  UNIQUE KEY `back_admin_username_uindex` (`username`)
) ENGINE=InnoDB DEFAULT CHARSET=utf8 COMMENT='管理员';
/*!40101 SET character_set_client = @saved_cs_client */;

--
-- Dumping data for table `back_admin`
--

LOCK TABLES `back_admin` WRITE;
/*!40000 ALTER TABLE `back_admin` DISABLE KEYS */;
INSERT INTO `back_admin` VALUES ('1496756141639294978','admin1','管理员1',1,'1497825987499515915','https://wpimg.wallstcn.com/f778738c-e4f8-4870-b634-56703b4acafe.gif','26595aac3b1aa02c1f176dd651e3f2a9','127.0.0.1','2022-06-02 11:35:07','admin1','2022-02-24 15:57:27','admin1','2022-05-20 15:41:08'),('1496756153844719617','admin2','管理员2',1,'1513430650854297601','https://wpimg.wallstcn.com/f778738c-e4f8-4870-b634-56703b4acafe.gif','b2f78c2327d2bda5136a1408a41e8a39','127.0.0.1','2022-05-26 15:53:08','admin1','2022-02-24 15:57:30','admin1','2022-05-19 16:09:18'),('1515171134605787138','admin3','列表查询',0,'1515169656457560066','https://wpimg.wallstcn.com/f778738c-e4f8-4870-b634-56703b4acafe.gif','8e04572d0d87409e05f19216132a4c23',NULL,NULL,'admin1','2022-04-16 11:32:04','admin1','2022-05-19 13:56:34'),('1531893084837265409','admin4','仅路由',1,'1515169528258658306',NULL,'5f0fe00803570e0796b0c48d59f1deb9','127.0.0.1','2022-06-01 14:59:13','admin1','2022-06-01 14:59:07','admin1','2022-06-01 14:59:07');
/*!40000 ALTER TABLE `back_admin` ENABLE KEYS */;
UNLOCK TABLES;

--
-- Table structure for table `back_permission`
--

DROP TABLE IF EXISTS `back_permission`;
/*!40101 SET @saved_cs_client     = @@character_set_client */;
/*!50503 SET character_set_client = utf8mb4 */;
CREATE TABLE `back_permission` (
  `id` char(19) NOT NULL COMMENT 'Id',
  `name` varchar(40) NOT NULL COMMENT '名称',
  `permission_key` varchar(40) DEFAULT NULL COMMENT '权限键值',
  `status` tinyint DEFAULT '1',
  `parent_id` char(19) DEFAULT NULL COMMENT '父级资源Id',
  `sort` tinyint DEFAULT '100' COMMENT '列表排序',
  `resource_type` tinyint DEFAULT NULL COMMENT '资源类型',
  `router_info` json DEFAULT NULL COMMENT 'Vue路由',
  `created_by` char(50) DEFAULT NULL,
  `create_time` timestamp NOT NULL DEFAULT CURRENT_TIMESTAMP COMMENT '创建时间',
  `updated_by` char(50) DEFAULT NULL,
  `update_time` timestamp NOT NULL DEFAULT CURRENT_TIMESTAMP COMMENT '更新时间',
  PRIMARY KEY (`id`)
) ENGINE=InnoDB DEFAULT CHARSET=utf8 COMMENT='权限';
/*!40101 SET character_set_client = @saved_cs_client */;

--
-- Dumping data for table `back_permission`
--

LOCK TABLES `back_permission` WRITE;
/*!40000 ALTER TABLE `back_permission` DISABLE KEYS */;
INSERT INTO `back_permission` VALUES ('1497811057370992642','用户管理','admin:router',1,'1497825987499515915',4,1,'{\"meta\": {\"icon\": \"el-icon-user-solid\", \"title\": \"用户管理\", \"noCache\": true, \"breadcrumb\": true}, \"path\": \"user\", \"redirect\": \"\", \"component\": \"user\"}','admin1','2022-03-24 15:19:37','admin1','2022-04-08 15:18:46'),('1497811074932543489','用户添加','admin:create',1,'1497811057370992642',100,2,NULL,'admin1','2022-03-24 15:19:37','admin1','2022-04-08 15:28:56'),('1497811107790721025','用户更新','admin:update',1,'1497811057370992642',100,2,NULL,'admin1','2022-03-24 15:19:37','admin1','2022-03-24 15:19:37'),('1497825987499515906','用户删除','admin:delete',1,'1497811057370992642',100,2,NULL,'admin1','2022-03-24 15:19:37','admin1','2022-03-24 15:19:37'),('1497825987499515907','角色管理','role:router',1,'1497825987499515915',3,1,'{\"meta\": {\"icon\": \"peoples\", \"title\": \"角色管理\", \"noCache\": true, \"breadcrumb\": true}, \"path\": \"role\", \"component\": \"role\"}','admin1','2022-03-24 15:19:38','admin1','2022-04-08 15:22:31'),('1497825987499515908','角色添加','role:create',1,'1497825987499515907',100,2,NULL,'admin1','2022-03-24 15:19:38','admin1','2022-04-08 15:28:47'),('1497825987499515909','角色更新','role:update',1,'1497825987499515907',100,2,NULL,'admin1','2022-03-24 15:19:38','admin1','2022-03-24 15:19:38'),('1497825987499515910','角色删除','role:delete',1,'1497825987499515907',100,2,'{}','admin1','2022-03-24 15:19:38','admin1','2022-05-19 16:08:59'),('1497825987499515911','权限管理','permission:router',1,'1497825987499515915',1,1,'{\"meta\": {\"icon\": \"list\", \"title\": \"权限管理\", \"noCache\": true, \"breadcrumb\": true}, \"path\": \"permission\", \"component\": \"permission\"}','admin1','2022-03-24 15:19:38','admin1','2022-05-19 16:08:53'),('1497825987499515912','权限添加','permission:create',1,'1497825987499515911',100,2,NULL,'admin1','2022-03-24 15:19:38','admin1','2022-04-08 15:28:39'),('1497825987499515913','权限更新','permission:update',1,'1497825987499515911',100,2,NULL,'admin1','2022-03-24 15:19:38','admin1','2022-03-24 15:19:38'),('1497825987499515914','权限删除','permission:delete',1,'1497825987499515911',100,2,NULL,'admin1','2022-03-24 15:19:38','admin1','2022-03-24 15:19:38'),('1497825987499515915','资源管理','resource:router',1,NULL,1,0,'{\"meta\": {\"icon\": \"lock\", \"title\": \"资源管理\", \"noCache\": true, \"breadcrumb\": true}, \"path\": \"/resource\", \"redirect\": \"/resource/permission\", \"component\": \"layout\"}','admin1','2022-03-24 15:19:38','admin1','2022-05-20 15:57:11'),('1512328763396460545','权限查询','permission:list',1,'1497825987499515911',1,2,'{}','admin1','2022-04-08 15:17:30','admin1','2022-04-16 16:11:18'),('1515162854164692993','角色查询','role:page',1,'1497825987499515907',100,2,'{}','admin1','2022-04-16 10:59:09','admin1','2022-05-31 14:43:02'),('1515162951845838849','用户查询','admin:page',1,'1497811057370992642',100,2,'{}','admin1','2022-04-16 10:59:33','admin1','2022-05-31 14:43:16'),('1526174594205728769','系统日志','log:router',1,NULL,100,0,'{\"meta\": {\"icon\": \"el-icon-s-order\", \"title\": \"系统日志\", \"noCache\": true, \"breadcrumb\": true}, \"path\": \"/log\", \"redirect\": \"/log/syslog\", \"component\": \"layout\", \"alwaysShow\": true}','admin1','2022-05-16 20:15:53','admin1','2022-05-16 20:18:27'),('1526174932170162178','操作日志','syslog:router',1,'1526174594205728769',100,1,'{\"meta\": {\"icon\": \"form\", \"title\": \"操作日志\", \"noCache\": true, \"breadcrumb\": true}, \"path\": \"syslog\", \"component\": \"sysLog\"}','admin1','2022-05-16 20:17:13','admin1','2022-05-17 11:25:40'),('1527556953735913474','系统参数菜单','sysParam:router',1,NULL,2,0,'{\"meta\": {\"icon\": \"el-icon-s-tools\", \"title\": \"系统参数菜单\", \"noCache\": true, \"breadcrumb\": true}, \"path\": \"\", \"component\": \"layout\"}','admin1','2022-05-20 15:48:53','admin1','2022-05-20 16:47:58'),('1527559969159471105','系统参数','sysParam:router',1,'1527556953735913474',100,1,'{\"meta\": {\"icon\": \"el-icon-s-tools\", \"title\": \"系统参数\", \"noCache\": true, \"breadcrumb\": true}, \"path\": \"/sysParam\", \"component\": \"sysParam\"}','admin1','2022-05-20 16:00:52','admin1','2022-05-20 17:11:53'),('1531160974241443841','接口鉴权','apiPerm:router',1,'1497825987499515915',100,1,'{\"meta\": {\"icon\": \"el-icon-s-platform\", \"title\": \"接口鉴权\", \"noCache\": true}, \"path\": \"apiPermission\", \"component\": \"apiPermission\"}','admin1','2022-05-30 14:29:59','admin1','2022-05-31 15:29:25'),('1531534708215312385','接口鉴权查询','apiPerm:page',1,'1531160974241443841',100,2,'{}','admin1','2022-05-31 15:15:04','admin1','2022-05-31 15:15:04'),('1531534845398413314','接口鉴权创建','apiPerm:create',1,'1531160974241443841',100,2,'{}','admin1','2022-05-31 15:15:36','admin1','2022-05-31 15:16:07'),('1531534936343506946','接口鉴权更新','apiPerm:update',1,'1531160974241443841',100,2,'{}','admin1','2022-05-31 15:15:58','admin1','2022-05-31 15:15:58'),('1531535066123661313','接口鉴权删除','apiPerm:delete',1,'1531160974241443841',100,2,'{}','admin1','2022-05-31 15:16:29','admin1','2022-05-31 15:16:29'),('1531538822886260737','系统参数查询','sysParam:page',1,'1527559969159471105',100,2,'{}','admin1','2022-05-31 15:31:25','admin1','2022-05-31 15:31:25'),('1531539264869433346','系统参数创建','sysParam:create',1,'1527559969159471105',100,2,'{}','admin1','2022-05-31 15:33:10','admin1','2022-05-31 15:33:10'),('1531539318556524545','系统参数更新','sysParam:update',1,'1527559969159471105',100,2,'{}','admin1','2022-05-31 15:33:23','admin1','2022-05-31 15:33:23'),('1531539413511372801','系统参数删除','sysParam:delete',1,'1527559969159471105',100,2,'{}','admin1','2022-05-31 15:33:45','admin1','2022-05-31 15:33:46'),('1531569902578278401','操作日志查询','sysLog:page',1,'1526174932170162178',100,2,'{}','admin1','2022-05-31 17:34:55','admin1','2022-05-31 17:34:55');
/*!40000 ALTER TABLE `back_permission` ENABLE KEYS */;
UNLOCK TABLES;

--
-- Table structure for table `back_role`
--

DROP TABLE IF EXISTS `back_role`;
/*!40101 SET @saved_cs_client     = @@character_set_client */;
/*!50503 SET character_set_client = utf8mb4 */;
CREATE TABLE `back_role` (
  `id` char(19) NOT NULL COMMENT 'Id',
  `name` varchar(255) NOT NULL COMMENT '角色名',
  `summary` varchar(256) DEFAULT NULL COMMENT '简介',
  `status` tinyint DEFAULT '1',
  `created_by` char(50) DEFAULT NULL,
  `create_time` timestamp NOT NULL DEFAULT CURRENT_TIMESTAMP COMMENT '创建时间',
  `updated_by` char(50) DEFAULT NULL,
  `update_time` timestamp NOT NULL DEFAULT CURRENT_TIMESTAMP COMMENT '更新时间',
  PRIMARY KEY (`id`)
) ENGINE=InnoDB DEFAULT CHARSET=utf8 COMMENT='角色';
/*!40101 SET character_set_client = @saved_cs_client */;

--
-- Dumping data for table `back_role`
--

LOCK TABLES `back_role` WRITE;
/*!40000 ALTER TABLE `back_role` DISABLE KEYS */;
INSERT INTO `back_role` VALUES ('1497825987499515915','超级管理员','拥有更多权限',1,'admin1','2022-04-11 01:31:05','admin1','2022-05-31 17:35:32'),('1513430650854297601','普通管理员','普通权限',1,'admin1','2022-04-11 16:16:00','admin1','2022-05-20 15:55:00'),('1515169528258658306','仅路由','只有路由菜单权限',1,'admin1','2022-04-16 11:25:41','admin1','2022-06-01 14:57:38'),('1515169656457560066','仅查询','只有列表查询权限',1,'admin1','2022-05-19 11:38:03','admin1','2022-05-19 16:05:48');
/*!40000 ALTER TABLE `back_role` ENABLE KEYS */;
UNLOCK TABLES;

--
-- Table structure for table `back_role_permission`
--

DROP TABLE IF EXISTS `back_role_permission`;
/*!40101 SET @saved_cs_client     = @@character_set_client */;
/*!50503 SET character_set_client = utf8mb4 */;
CREATE TABLE `back_role_permission` (
  `id` bigint NOT NULL AUTO_INCREMENT COMMENT 'Id',
  `role_id` char(19) NOT NULL COMMENT '角色Id',
  `permission_id` varchar(40) DEFAULT NULL,
  PRIMARY KEY (`id`)
) ENGINE=InnoDB AUTO_INCREMENT=2115 DEFAULT CHARSET=utf8 COMMENT='管理员';
/*!40101 SET character_set_client = @saved_cs_client */;

--
-- Dumping data for table `back_role_permission`
--

LOCK TABLES `back_role_permission` WRITE;
/*!40000 ALTER TABLE `back_role_permission` DISABLE KEYS */;
INSERT INTO `back_role_permission` VALUES (1924,'1515169656457560066','1497811057370992642'),(1925,'1515169656457560066','1497811074932543489'),(1926,'1515169656457560066','1497811107790721025'),(1927,'1515169656457560066','1497825987499515906'),(1928,'1515169656457560066','1497825987499515907'),(1929,'1515169656457560066','1497825987499515908'),(1930,'1515169656457560066','1497825987499515909'),(1931,'1515169656457560066','1497825987499515910'),(1932,'1515169656457560066','1497825987499515911'),(1933,'1515169656457560066','1497825987499515912'),(1934,'1515169656457560066','1497825987499515913'),(1935,'1515169656457560066','1497825987499515914'),(1936,'1515169656457560066','1497825987499515915'),(1937,'1515169656457560066','1512328763396460545'),(1938,'1515169656457560066','1515162854164692993'),(1939,'1515169656457560066','1515162951845838849'),(1940,'1515169656457560066','1526174594205728769'),(1941,'1515169656457560066','1526174932170162178'),(1978,'1513430650854297601','1497811057370992642'),(1979,'1513430650854297601','1497811074932543489'),(1980,'1513430650854297601','1497825987499515907'),(1981,'1513430650854297601','1497825987499515911'),(1982,'1513430650854297601','1497825987499515915'),(1983,'1513430650854297601','1512328763396460545'),(1984,'1513430650854297601','1515162854164692993'),(1985,'1513430650854297601','1515162951845838849'),(2046,'1497825987499515915','1497811057370992642'),(2047,'1497825987499515915','1497811074932543489'),(2048,'1497825987499515915','1497811107790721025'),(2049,'1497825987499515915','1497825987499515906'),(2050,'1497825987499515915','1497825987499515907'),(2051,'1497825987499515915','1497825987499515908'),(2052,'1497825987499515915','1497825987499515909'),(2053,'1497825987499515915','1497825987499515910'),(2054,'1497825987499515915','1497825987499515911'),(2055,'1497825987499515915','1497825987499515912'),(2056,'1497825987499515915','1497825987499515913'),(2057,'1497825987499515915','1497825987499515914'),(2058,'1497825987499515915','1497825987499515915'),(2059,'1497825987499515915','1512328763396460545'),(2060,'1497825987499515915','1515162854164692993'),(2061,'1497825987499515915','1515162951845838849'),(2062,'1497825987499515915','1526174594205728769'),(2063,'1497825987499515915','1526174932170162178'),(2064,'1497825987499515915','1527556953735913474'),(2065,'1497825987499515915','1527559969159471105'),(2066,'1497825987499515915','1531160974241443841'),(2067,'1497825987499515915','1531534708215312385'),(2068,'1497825987499515915','1531534845398413314'),(2069,'1497825987499515915','1531534936343506946'),(2070,'1497825987499515915','1531535066123661313'),(2071,'1497825987499515915','1531538822886260737'),(2072,'1497825987499515915','1531539264869433346'),(2073,'1497825987499515915','1531539318556524545'),(2074,'1497825987499515915','1531539413511372801'),(2075,'1497825987499515915','1531569902578278401'),(2076,'1515169528258658306','1497811057370992642'),(2077,'1515169528258658306','1497825987499515907'),(2078,'1515169528258658306','1497825987499515911'),(2079,'1515169528258658306','1497825987499515915'),(2080,'1515169528258658306','1526174594205728769'),(2081,'1515169528258658306','1526174932170162178'),(2082,'1515169528258658306','1527556953735913474'),(2083,'1515169528258658306','1527559969159471105'),(2084,'1515169528258658306','1531160974241443841');
/*!40000 ALTER TABLE `back_role_permission` ENABLE KEYS */;
UNLOCK TABLES;

--
-- Table structure for table `front_member`
--

DROP TABLE IF EXISTS `front_member`;
/*!40101 SET @saved_cs_client     = @@character_set_client */;
/*!50503 SET character_set_client = utf8mb4 */;
CREATE TABLE `front_member` (
  `id` char(19) NOT NULL,
  `create_time` datetime DEFAULT NULL,
  `created_by` varchar(255) DEFAULT NULL,
  `update_time` datetime DEFAULT NULL,
  `updated_by` varchar(255) DEFAULT NULL,
  `password` varchar(255) DEFAULT NULL,
  `username` varchar(255) DEFAULT NULL,
  `avatar` varchar(255) DEFAULT NULL,
  `comment_status` int DEFAULT NULL,
  `email` varchar(255) DEFAULT NULL,
  `last_login_ip` datetime DEFAULT NULL,
  `last_login_time` datetime DEFAULT NULL,
  `nick_name` varchar(255) DEFAULT NULL,
  `status` int DEFAULT NULL,
  `summary` varchar(255) DEFAULT NULL,
  PRIMARY KEY (`id`)
) ENGINE=InnoDB DEFAULT CHARSET=utf8;
/*!40101 SET character_set_client = @saved_cs_client */;

--
-- Dumping data for table `front_member`
--

LOCK TABLES `front_member` WRITE;
/*!40000 ALTER TABLE `front_member` DISABLE KEYS */;
INSERT INTO `front_member` VALUES ('1535138118864916480','2022-06-10 13:53:44',NULL,'2022-06-10 13:53:44',NULL,'stri343433ng','string',NULL,NULL,NULL,NULL,NULL,'string',NULL,NULL),('1535141365801521152','2022-06-10 14:06:36',NULL,'2022-06-10 14:06:36',NULL,'stri343433ng','string',NULL,NULL,NULL,NULL,NULL,'string',NULL,NULL),('1535142480563638272','2022-06-10 14:08:06',NULL,'2022-06-10 14:08:06',NULL,'stri343433ng','string',NULL,NULL,NULL,NULL,NULL,'string',NULL,NULL);
/*!40000 ALTER TABLE `front_member` ENABLE KEYS */;
UNLOCK TABLES;

--
-- Table structure for table `hibernate_sequence`
--

DROP TABLE IF EXISTS `hibernate_sequence`;
/*!40101 SET @saved_cs_client     = @@character_set_client */;
/*!50503 SET character_set_client = utf8mb4 */;
CREATE TABLE `hibernate_sequence` (
  `next_val` bigint DEFAULT NULL
) ENGINE=InnoDB DEFAULT CHARSET=utf8;
/*!40101 SET character_set_client = @saved_cs_client */;

--
-- Dumping data for table `hibernate_sequence`
--

LOCK TABLES `hibernate_sequence` WRITE;
/*!40000 ALTER TABLE `hibernate_sequence` DISABLE KEYS */;
INSERT INTO `hibernate_sequence` VALUES (1);
/*!40000 ALTER TABLE `hibernate_sequence` ENABLE KEYS */;
UNLOCK TABLES;

--
-- Table structure for table `sys_log`
--

DROP TABLE IF EXISTS `sys_log`;
/*!40101 SET @saved_cs_client     = @@character_set_client */;
/*!50503 SET character_set_client = utf8mb4 */;
CREATE TABLE `sys_log` (
  `id` char(19) NOT NULL,
  `username` char(19) DEFAULT NULL,
  `ip` varchar(50) DEFAULT NULL,
  `operation` varchar(50) DEFAULT NULL,
  `controller` varchar(100) DEFAULT NULL,
  `method` varchar(50) DEFAULT NULL,
  `params` json DEFAULT NULL,
  `uri` varchar(100) DEFAULT NULL,
  `http_method` varchar(20) DEFAULT NULL,
  `log_status` tinyint DEFAULT NULL,
  `time_cost` int DEFAULT NULL,
  `exception_message` mediumtext,
  `create_time` timestamp NULL DEFAULT CURRENT_TIMESTAMP,
  PRIMARY KEY (`id`)
) ENGINE=InnoDB DEFAULT CHARSET=utf8;
/*!40101 SET character_set_client = @saved_cs_client */;

--
-- Dumping data for table `sys_log`
--

LOCK TABLES `sys_log` WRITE;
/*!40000 ALTER TABLE `sys_log` DISABLE KEYS */;
INSERT INTO `sys_log` VALUES ('1527555002038181890','admin1','127.0.0.1','管理员更新','com.o11eh.servicedemo.admin.controller.AdminController','update','{\"id\": \"1496756141639294978\", \"avatar\": \"https://wpimg.wallstcn.com/f778738c-e4f8-4870-b634-56703b4acafe.gif\", \"roleId\": \"1497825987499515915\", \"status\": \"启用\", \"nickName\": \"管理员1\", \"roleName\": \"超级管理员\", \"username\": \"admin1\"}','/admin','PUT',0,56,NULL,'2022-05-20 15:41:08'),('1527555018609876994','admin1','127.0.0.1','角色更新','com.o11eh.servicedemo.admin.controller.RoleController','update','{\"id\": \"1497825987499515915\", \"name\": \"超级管理员\", \"status\": \"启用\", \"summary\": \"拥有更多权限\", \"permissionKeys\": [\"admin:router\", \"admin:create\", \"admin:update\", \"admin:delete\", \"role:router\", \"role:create\", \"role:update\", \"role:delete\", \"permission:router\", \"permission:create\", \"permission:update\", \"permission:delete\", \"resource:router\", \"permission:list\", \"role:list\", \"admin:list\", \"log:router\", \"syslog:router\"]}','/role','PUT',0,219,NULL,'2022-05-20 15:41:12'),('1527556954180509698','admin1','127.0.0.1','权限新建','com.o11eh.servicedemo.admin.controller.PermissionController','create','{\"meta\": {\"icon\": \"el-icon-s-tools\", \"title\": \"系统参数\", \"noCache\": true}, \"name\": \"系统参数\", \"path\": \"/sysParam\", \"sort\": 100, \"status\": \"启用\", \"parentId\": null, \"component\": \"empty\", \"resourceType\": \"一级菜单\", \"permissionKey\": \"sysParam:router\"}','/permission','POST',0,139,NULL,'2022-05-20 15:48:53'),('1527558492303089665','admin1','127.0.0.1','角色更新','com.o11eh.servicedemo.admin.controller.RoleController','update','{\"id\": \"1513430650854297601\", \"name\": \"普通管理员\", \"status\": \"启用\", \"summary\": \"普通权限\", \"permissionKeys\": [\"admin:router\", \"admin:create\", \"role:router\", \"permission:router\", \"resource:router\", \"permission:list\", \"role:list\", \"admin:list\"]}','/role','PUT',0,188,NULL,'2022-05-20 15:55:00'),('1527558932717592577','admin1','127.0.0.1','角色更新','com.o11eh.servicedemo.admin.controller.RoleController','update','{\"id\": \"1497825987499515915\", \"name\": \"超级管理员\", \"status\": \"启用\", \"summary\": \"拥有更多权限\", \"permissionKeys\": [\"resource:router\", \"permission:router\", \"permission:list\", \"permission:create\", \"permission:delete\", \"permission:update\", \"role:router\", \"role:list\", \"role:delete\", \"role:update\", \"role:create\", \"admin:router\", \"admin:list\", \"admin:delete\", \"admin:update\", \"admin:create\", \"sysParam:router\", \"log:router\", \"syslog:router\"]}','/role','PUT',0,289,NULL,'2022-05-20 15:56:45'),('1527559043686293505','admin1','127.0.0.1','权限更新','com.o11eh.servicedemo.admin.controller.PermissionController','update','{\"id\": \"1497825987499515915\", \"meta\": {\"icon\": \"lock\", \"title\": \"资源管理\", \"noCache\": true, \"breadcrumb\": true}, \"name\": \"资源管理\", \"path\": \"/resource\", \"sort\": 1, \"status\": \"启用\", \"redirect\": \"/resource/permission\", \"component\": \"empty\", \"resourceType\": \"一级菜单\", \"permissionKey\": \"resource:router\"}','/permission','PUT',0,42,NULL,'2022-05-20 15:57:11'),('1527559612358418433','admin1','127.0.0.1','权限更新','com.o11eh.servicedemo.admin.controller.PermissionController','update','{\"id\": \"1527556953735913474\", \"meta\": {\"icon\": \"el-icon-s-tools\", \"title\": \"系统参数\", \"noCache\": true}, \"name\": \"系统参数\", \"path\": \"/sysParam\", \"sort\": 100, \"status\": \"启用\", \"component\": \"layout\", \"resourceType\": \"一级菜单\", \"permissionKey\": \"sysParam:router\"}','/permission','PUT',0,41,NULL,'2022-05-20 15:59:27'),('1527559969612455937','admin1','127.0.0.1','权限新建','com.o11eh.servicedemo.admin.controller.PermissionController','create','{\"meta\": {\"icon\": \"el-icon-s-tools\", \"title\": \"系统参数\", \"noCache\": true}, \"name\": \"系统参数\", \"path\": \"/sysparam\", \"sort\": 100, \"status\": \"启用\", \"parentId\": \"1527556953735913474\", \"component\": \"empty\", \"resourceType\": \"二级菜单\", \"permissionKey\": \"sysParam:router\"}','/permission','POST',0,69,NULL,'2022-05-20 16:00:52'),('1527560198671785985','admin1','127.0.0.1','权限更新','com.o11eh.servicedemo.admin.controller.PermissionController','update','{\"id\": \"1527556953735913474\", \"meta\": {\"icon\": \"el-icon-warning\", \"title\": \"系统参数1\", \"noCache\": true}, \"name\": \"系统参数1\", \"path\": \"/sysParam\", \"sort\": 100, \"status\": \"启用\", \"component\": \"layout\", \"resourceType\": \"一级菜单\", \"permissionKey\": \"sysParam:router\"}','/permission','PUT',0,56,NULL,'2022-05-20 16:01:47'),('1527560252589563905','admin1','127.0.0.1','权限更新','com.o11eh.servicedemo.admin.controller.PermissionController','update','{\"id\": \"1527556953735913474\", \"meta\": {\"icon\": \"el-icon-warning\", \"title\": \"系统参数一级菜单\", \"noCache\": true}, \"name\": \"系统参数一级菜单\", \"path\": \"/sysParam\", \"sort\": 100, \"status\": \"启用\", \"component\": \"layout\", \"resourceType\": \"一级菜单\", \"permissionKey\": \"sysParam:router\"}','/permission','PUT',0,35,NULL,'2022-05-20 16:02:00'),('1527560406742818817','admin1','127.0.0.1','角色更新','com.o11eh.servicedemo.admin.controller.RoleController','update','{\"id\": \"1497825987499515915\", \"name\": \"超级管理员\", \"status\": \"启用\", \"summary\": \"拥有更多权限\", \"permissionKeys\": [\"resource:router\", \"permission:router\", \"permission:list\", \"permission:update\", \"permission:delete\", \"permission:create\", \"role:router\", \"role:list\", \"role:delete\", \"role:update\", \"role:create\", \"admin:router\", \"admin:list\", \"admin:delete\", \"admin:update\", \"admin:create\", \"sysParam:router\", \"log:router\", \"syslog:router\"]}','/role','PUT',0,298,NULL,'2022-05-20 16:02:36'),('1527560497453031425','admin1','127.0.0.1','权限更新','com.o11eh.servicedemo.admin.controller.PermissionController','update','{\"id\": \"1527556953735913474\", \"meta\": {\"icon\": \"el-icon-warning\", \"title\": \"系统参数一级菜单\", \"noCache\": true}, \"name\": \"系统参数一级菜单\", \"path\": \"/sysParam\", \"sort\": 100, \"status\": \"启用\", \"component\": \"layout\", \"alwaysShow\": true, \"resourceType\": \"一级菜单\", \"permissionKey\": \"sysParam:router\"}','/permission','PUT',0,34,NULL,'2022-05-20 16:02:58'),('1527560581875982338','admin1','127.0.0.1','权限更新','com.o11eh.servicedemo.admin.controller.PermissionController','update','{\"id\": \"1527556953735913474\", \"meta\": {\"icon\": \"el-icon-warning\", \"title\": \"系统参数一级菜单\", \"noCache\": true}, \"name\": \"系统参数一级菜单\", \"path\": \"/sysParam\", \"sort\": 100, \"status\": \"启用\", \"component\": \"empty\", \"alwaysShow\": true, \"resourceType\": \"一级菜单\", \"permissionKey\": \"sysParam:router\"}','/permission','PUT',0,36,NULL,'2022-05-20 16:03:18'),('1527560946541355010','admin1','127.0.0.1','权限更新','com.o11eh.servicedemo.admin.controller.PermissionController','update','{\"id\": \"1527556953735913474\", \"meta\": {\"icon\": \"el-icon-warning\", \"title\": \"系统参数一级菜单\", \"noCache\": true}, \"name\": \"系统参数一级菜单\", \"path\": \"/sysParam\", \"sort\": 100, \"status\": \"启用\", \"component\": \"layout\", \"alwaysShow\": true, \"resourceType\": \"一级菜单\", \"permissionKey\": \"sysParam:router\"}','/permission','PUT',0,42,NULL,'2022-05-20 16:04:45'),('1527563495596056578','admin1','127.0.0.1','权限更新','com.o11eh.servicedemo.admin.controller.PermissionController','update','{\"id\": \"1527556953735913474\", \"meta\": {\"icon\": \"el-icon-warning\", \"title\": \"系统参数一级菜单\", \"noCache\": true}, \"name\": \"系统参数一级菜单\", \"path\": \"/sysParam\", \"sort\": 100, \"status\": \"启用\", \"component\": \"empty\", \"alwaysShow\": true, \"resourceType\": \"一级菜单\", \"permissionKey\": \"sysParam:router\"}','/permission','PUT',0,56,NULL,'2022-05-20 16:14:53'),('1527563683421184001','admin1','127.0.0.1','权限更新','com.o11eh.servicedemo.admin.controller.PermissionController','update','{\"id\": \"1527556953735913474\", \"meta\": {\"icon\": \"el-icon-warning\", \"title\": \"系统参数菜单\", \"noCache\": true}, \"name\": \"系统参数菜单\", \"path\": \"/sysParam\", \"sort\": 100, \"status\": \"启用\", \"component\": \"layout\", \"resourceType\": \"一级菜单\", \"permissionKey\": \"sysParam:router\"}','/permission','PUT',0,50,NULL,'2022-05-20 16:15:38'),('1527563767336624129','admin1','127.0.0.1','权限更新','com.o11eh.servicedemo.admin.controller.PermissionController','update','{\"id\": \"1527556953735913474\", \"meta\": {\"title\": \"系统参数菜单\", \"noCache\": true}, \"name\": \"系统参数菜单\", \"path\": \"/sysParam\", \"sort\": 100, \"status\": \"启用\", \"component\": \"layout\", \"resourceType\": \"一级菜单\", \"permissionKey\": \"sysParam:router\"}','/permission','PUT',0,41,NULL,'2022-05-20 16:15:58'),('1527564167594860545','admin1','127.0.0.1','权限更新','com.o11eh.servicedemo.admin.controller.PermissionController','update','{\"id\": \"1527556953735913474\", \"meta\": {\"title\": \"系统参数菜单\", \"noCache\": true}, \"name\": \"系统参数菜单\", \"path\": \"/sysParam\", \"sort\": 2, \"status\": \"启用\", \"component\": \"layout\", \"resourceType\": \"一级菜单\", \"permissionKey\": \"sysParam:router\"}','/permission','PUT',0,43,NULL,'2022-05-20 16:17:33'),('1527570551711424514','admin1','127.0.0.1','权限更新','com.o11eh.servicedemo.admin.controller.PermissionController','update','{\"id\": \"1527559969159471105\", \"meta\": {\"icon\": \"el-icon-s-tools\", \"title\": \"系统参数\", \"noCache\": true}, \"name\": \"系统参数\", \"path\": \"/sysparam\", \"sort\": 100, \"status\": \"启用\", \"parentId\": \"1527556953735913474\", \"component\": \"sysParam\", \"resourceType\": \"二级菜单\", \"permissionKey\": \"sysParam:router\"}','/permission','PUT',0,36,NULL,'2022-05-20 16:42:55'),('1527571413657673729','admin1','127.0.0.1','权限更新','com.o11eh.servicedemo.admin.controller.PermissionController','update','{\"id\": \"1527559969159471105\", \"meta\": {\"icon\": \"el-icon-s-tools\", \"title\": \"系统参数\", \"noCache\": true, \"breadcrumb\": true}, \"name\": \"系统参数\", \"path\": \"/343\", \"sort\": 100, \"status\": \"启用\", \"parentId\": \"1527556953735913474\", \"component\": \"sysParam\", \"resourceType\": \"二级菜单\", \"permissionKey\": \"sysParam:router\"}','/permission','PUT',0,39,NULL,'2022-05-20 16:46:21'),('1527571714909364226','admin1','127.0.0.1','权限更新','com.o11eh.servicedemo.admin.controller.PermissionController','update','{\"id\": \"1527559969159471105\", \"meta\": {\"icon\": \"el-icon-s-tools\", \"title\": \"系统参数\", \"noCache\": true, \"breadcrumb\": true}, \"name\": \"系统参数\", \"path\": \"/sysParam\", \"sort\": 100, \"status\": \"启用\", \"parentId\": \"1527556953735913474\", \"component\": \"sysParam\", \"resourceType\": \"二级菜单\", \"permissionKey\": \"sysParam:router\"}','/permission','PUT',0,35,NULL,'2022-05-20 16:47:32'),('1527571823973851137','admin1','127.0.0.1','权限更新','com.o11eh.servicedemo.admin.controller.PermissionController','update','{\"id\": \"1527556953735913474\", \"meta\": {\"icon\": \"el-icon-s-tools\", \"title\": \"系统参数菜单\", \"noCache\": true, \"breadcrumb\": true}, \"name\": \"系统参数菜单\", \"path\": \"\", \"sort\": 2, \"status\": \"启用\", \"component\": \"layout\", \"resourceType\": \"一级菜单\", \"permissionKey\": \"sysParam:router\"}','/permission','PUT',0,36,NULL,'2022-05-20 16:47:58'),('1527577769710149634','admin1','127.0.0.1','权限更新','com.o11eh.servicedemo.admin.controller.PermissionController','update','{\"id\": \"1527559969159471105\", \"meta\": {\"icon\": \"el-icon-s-tools\", \"title\": \"系统参数\", \"noCache\": true, \"breadcrumb\": true}, \"name\": \"系统参数\", \"path\": \"/sysParam\", \"sort\": 100, \"status\": \"启用\", \"parentId\": \"1527556953735913474\", \"component\": \"empty\", \"resourceType\": \"二级菜单\", \"permissionKey\": \"sysParam:router\"}','/permission','PUT',0,39,NULL,'2022-05-20 17:11:36'),('1527577841017511937','admin1','127.0.0.1','权限更新','com.o11eh.servicedemo.admin.controller.PermissionController','update','{\"id\": \"1527559969159471105\", \"meta\": {\"icon\": \"el-icon-s-tools\", \"title\": \"系统参数\", \"noCache\": true, \"breadcrumb\": true}, \"name\": \"系统参数\", \"path\": \"/sysParam\", \"sort\": 100, \"status\": \"启用\", \"parentId\": \"1527556953735913474\", \"component\": \"sysParam\", \"resourceType\": \"二级菜单\", \"permissionKey\": \"sysParam:router\"}','/permission','PUT',0,47,NULL,'2022-05-20 17:11:53'),('1529344469082300418','admin1','127.0.0.1','管理员新建','com.o11eh.servicedemo.admin.controller.AdminController','create','{\"avatar\": null, \"roleId\": \"1497825987499515915\", \"status\": \"启用\", \"nickName\": \"1\", \"username\": \"1\"}','/admin','POST',0,3829,NULL,'2022-05-25 14:11:50'),('1529344491224031233','admin1','127.0.0.1','管理员删除','com.o11eh.servicedemo.admin.controller.AdminController','delete','[1529344468507680770]','/admin','DELETE',0,62,NULL,'2022-05-25 14:11:55'),('1529729910017040385','admin1','127.0.0.1','管理员新建','com.o11eh.servicedemo.admin.controller.AdminController','create','{\"avatar\": null, \"roleId\": null, \"status\": \"启用\", \"nickName\": \"2\", \"username\": \"1\"}','/admin','POST',0,175,NULL,'2022-05-26 15:43:26'),('1529730815617605634','admin1','127.0.0.1','管理员删除','com.o11eh.servicedemo.admin.controller.AdminController','delete','[1529729909547278338]','/admin','DELETE',0,68,NULL,'2022-05-26 15:47:02'),('1531160974807674882','admin1','127.0.0.1','权限新建','com.o11eh.servicedemo.admin.controller.PermissionController','create','{\"meta\": {\"icon\": \"el-icon-s-platform\", \"title\": \"接口鉴权\", \"noCache\": true}, \"name\": \"接口鉴权\", \"path\": \"apiPermission\", \"sort\": 100, \"status\": \"启用\", \"parentId\": null, \"component\": \"apiPermission\", \"alwaysShow\": true, \"resourceType\": \"一级菜单\", \"permissionKey\": \"apiPermission:router\"}','/permission','POST',0,189,NULL,'2022-05-30 14:29:59'),('1531161012556410881','admin1','127.0.0.1','角色更新','com.o11eh.servicedemo.admin.controller.RoleController','update','{\"id\": \"1497825987499515915\", \"name\": \"超级管理员\", \"status\": \"启用\", \"summary\": \"拥有更多权限\", \"permissionKeys\": [\"resource:router\", \"permission:router\", \"permission:list\", \"permission:update\", \"permission:delete\", \"permission:create\", \"role:router\", \"role:list\", \"role:delete\", \"role:update\", \"role:create\", \"admin:router\", \"admin:list\", \"admin:delete\", \"admin:update\", \"admin:create\", \"sysParam:router\", \"apiPermission:router\", \"log:router\", \"syslog:router\"]}','/role','PUT',0,372,NULL,'2022-05-30 14:30:08'),('1531161047394299906','admin1','127.0.0.1','权限更新','com.o11eh.servicedemo.admin.controller.PermissionController','update','{\"id\": \"1531160974241443841\", \"meta\": {\"icon\": \"el-icon-s-platform\", \"title\": \"接口鉴权\", \"noCache\": true}, \"name\": \"接口鉴权\", \"path\": \"apiPermission\", \"sort\": 100, \"status\": \"启用\", \"parentId\": \"1497825987499515915\", \"component\": \"apiPermission\", \"resourceType\": \"二级菜单\", \"permissionKey\": \"apiPermission:router\"}','/permission','PUT',0,56,NULL,'2022-05-30 14:30:16'),('1531161050070265858','admin1','127.0.0.1','权限更新','com.o11eh.servicedemo.admin.controller.PermissionController','update','{\"id\": \"1531160974241443841\", \"meta\": {\"icon\": \"el-icon-s-platform\", \"title\": \"接口鉴权\", \"noCache\": true}, \"name\": \"接口鉴权\", \"path\": \"apiPermission\", \"sort\": 100, \"status\": \"启用\", \"parentId\": \"1497825987499515915\", \"component\": \"apiPermission\", \"resourceType\": \"二级菜单\", \"permissionKey\": \"apiPermission:router\"}','/permission','PUT',0,51,NULL,'2022-05-30 14:30:17'),('1531479086467891202',NULL,'0:0:0:0:0:0:0:1','接口鉴权创建','com.o11eh.servicedemo.admin.controller.PermissionController','createApiMatcher','{\"id\": \"string\", \"apis\": [\"string\"], \"sort\": 0, \"method\": [\"string\"], \"noMatches\": [\"string\"], \"stopChain\": true, \"requiredAll\": [\"string\"], \"requiredAny\": [\"string\"]}','/permission/apiMatcher','POST',1,56,'Invalid bound statement (not found): com.o11eh.servicedemo.admin.mapper.BaseMapperO.insert','2022-05-31 11:34:02'),('1531479184430055425',NULL,'0:0:0:0:0:0:0:1','接口鉴权创建','com.o11eh.servicedemo.admin.controller.PermissionController','createApiMatcher','{\"id\": \"string\", \"apis\": [\"string\"], \"sort\": 0, \"method\": [\"string\"], \"noMatches\": [\"string\"], \"stopChain\": true, \"requiredAll\": [\"string\"], \"requiredAny\": [\"string\"]}','/permission/apiMatcher','POST',1,1,'Invalid bound statement (not found): com.o11eh.servicedemo.admin.mapper.BaseMapperO.insert','2022-05-31 11:34:26'),('1531479296413675521',NULL,'0:0:0:0:0:0:0:1','接口鉴权创建','com.o11eh.servicedemo.admin.controller.PermissionController','createApiMatcher','{\"id\": \"string\", \"apis\": [\"string\"], \"sort\": 0, \"method\": [\"string\"], \"noMatches\": [\"string\"], \"stopChain\": true, \"requiredAll\": [\"string\"], \"requiredAny\": [\"string\"]}','/permission/apiMatcher','POST',1,147,'nested exception is org.apache.ibatis.exceptions.PersistenceException: \r\n### Error updating database.  Cause: java.lang.IllegalStateException: Type handler was null on parameter mapping for property \'apis\'. It was either not specified and/or could not be found for the javaType (java.util.List) : jdbcType (null) combination.\r\n### The error may exist in com/o11eh/servicedemo/admin/mapper/ApiMatcherMapper.java (best guess)\r\n### The error may involve com.o11eh.servicedemo.admin.mapper.ApiMatcherMapper.insert\r\n### The error occurred while executing an update\r\n### Cause: java.lang.IllegalStateException: Type handler was null on parameter mapping for property \'apis\'. It was either not specified and/or could not be found for the javaType (java.util.List) : jdbcType (null) combination.','2022-05-31 11:34:52'),('1531479512764264449',NULL,'0:0:0:0:0:0:0:1','接口鉴权创建','com.o11eh.servicedemo.admin.controller.PermissionController','createApiMatcher','{\"id\": \"string\", \"apis\": [\"string\"], \"sort\": 0, \"method\": [\"string\"], \"noMatches\": [\"string\"], \"stopChain\": true, \"requiredAll\": [\"string\"], \"requiredAny\": [\"string\"]}','/permission/apiMatcher','POST',1,5,'nested exception is org.apache.ibatis.exceptions.PersistenceException: \r\n### Error updating database.  Cause: java.lang.IllegalStateException: Type handler was null on parameter mapping for property \'apis\'. It was either not specified and/or could not be found for the javaType (java.util.List) : jdbcType (null) combination.\r\n### The error may exist in com/o11eh/servicedemo/admin/mapper/ApiMatcherMapper.java (best guess)\r\n### The error may involve com.o11eh.servicedemo.admin.mapper.ApiMatcherMapper.insert\r\n### The error occurred while executing an update\r\n### Cause: java.lang.IllegalStateException: Type handler was null on parameter mapping for property \'apis\'. It was either not specified and/or could not be found for the javaType (java.util.List) : jdbcType (null) combination.','2022-05-31 11:35:44'),('1531479520829911041',NULL,'0:0:0:0:0:0:0:1','接口鉴权创建','com.o11eh.servicedemo.admin.controller.PermissionController','createApiMatcher','{\"id\": \"string\", \"apis\": [\"string\"], \"sort\": 0, \"method\": [\"string\"], \"noMatches\": [\"string\"], \"stopChain\": true, \"requiredAll\": [\"string\"], \"requiredAny\": [\"string\"]}','/permission/apiMatcher','POST',1,1,'nested exception is org.apache.ibatis.exceptions.PersistenceException: \r\n### Error updating database.  Cause: java.lang.IllegalStateException: Type handler was null on parameter mapping for property \'apis\'. It was either not specified and/or could not be found for the javaType (java.util.List) : jdbcType (null) combination.\r\n### The error may exist in com/o11eh/servicedemo/admin/mapper/ApiMatcherMapper.java (best guess)\r\n### The error may involve com.o11eh.servicedemo.admin.mapper.ApiMatcherMapper.insert\r\n### The error occurred while executing an update\r\n### Cause: java.lang.IllegalStateException: Type handler was null on parameter mapping for property \'apis\'. It was either not specified and/or could not be found for the javaType (java.util.List) : jdbcType (null) combination.','2022-05-31 11:35:46'),('1531479898837393410',NULL,'0:0:0:0:0:0:0:1','接口鉴权创建','com.o11eh.servicedemo.admin.controller.PermissionController','createApiMatcher','{\"id\": \"string\", \"apis\": [\"string\"], \"sort\": 0, \"method\": [\"string\"], \"noMatches\": [\"string\"], \"stopChain\": true, \"requiredAll\": [\"string\"], \"requiredAny\": [\"string\"]}','/permission/apiMatcher','POST',1,1297,'\r\n### Error updating database.  Cause: java.sql.SQLSyntaxErrorException: Unknown column \'method\' in \'field list\'\r\n### The error may exist in com/o11eh/servicedemo/admin/mapper/ApiMatcherMapper.java (best guess)\r\n### The error may involve com.o11eh.servicedemo.admin.mapper.ApiMatcherMapper.insert-Inline\r\n### The error occurred while setting parameters\r\n### SQL: INSERT INTO api_matcher  ( id, apis, method, no_matches, required_any, required_all, stop_chain, sort, created_by, create_time, updated_by, update_time )  VALUES  ( ?, ?, ?, ?, ?, ?, ?, ?, ?, ?, ?, ? )\r\n### Cause: java.sql.SQLSyntaxErrorException: Unknown column \'method\' in \'field list\'\n; bad SQL grammar []; nested exception is java.sql.SQLSyntaxErrorException: Unknown column \'method\' in \'field list\'','2022-05-31 11:37:16'),('1531479963438063617',NULL,'0:0:0:0:0:0:0:1','接口鉴权创建','com.o11eh.servicedemo.admin.controller.PermissionController','createApiMatcher','{\"id\": \"string\", \"apis\": [\"string\"], \"sort\": 0, \"noMatches\": [\"string\"], \"stopChain\": true, \"requiredAll\": [\"string\"], \"requiredAny\": [\"string\"]}','/permission/apiMatcher','POST',1,7,'nested exception is org.apache.ibatis.reflection.ReflectionException: There is no getter for property named \'method\' in \'class com.o11eh.servicedemo.admin.entry.ApiMatcher\'','2022-05-31 11:37:31'),('1531480044375572481',NULL,'0:0:0:0:0:0:0:1','接口鉴权创建','com.o11eh.servicedemo.admin.controller.PermissionController','createApiMatcher','{\"id\": \"string\", \"apis\": [\"string\"], \"sort\": 0, \"noMatches\": [\"string\"], \"stopChain\": true, \"requiredAll\": [\"string\"], \"requiredAny\": [\"string\"]}','/permission/apiMatcher','POST',1,1301,'\r\n### Error updating database.  Cause: java.sql.SQLSyntaxErrorException: Unknown column \'no_matches\' in \'field list\'\r\n### The error may exist in com/o11eh/servicedemo/admin/mapper/ApiMatcherMapper.java (best guess)\r\n### The error may involve com.o11eh.servicedemo.admin.mapper.ApiMatcherMapper.insert-Inline\r\n### The error occurred while setting parameters\r\n### SQL: INSERT INTO api_matcher  ( id, apis,  no_matches, required_any, required_all, stop_chain, sort, created_by, create_time, updated_by, update_time )  VALUES  ( ?, ?,  ?, ?, ?, ?, ?, ?, ?, ?, ? )\r\n### Cause: java.sql.SQLSyntaxErrorException: Unknown column \'no_matches\' in \'field list\'\n; bad SQL grammar []; nested exception is java.sql.SQLSyntaxErrorException: Unknown column \'no_matches\' in \'field list\'','2022-05-31 11:37:51'),('1531480353642577922',NULL,'0:0:0:0:0:0:0:1','接口鉴权创建','com.o11eh.servicedemo.admin.controller.PermissionController','createApiMatcher','{\"id\": \"string\", \"apis\": [\"string\"], \"sort\": 0, \"noMatches\": [\"string\"], \"stopChain\": true, \"requiredAll\": [\"string\"], \"requiredAny\": [\"string\"]}','/permission/apiMatcher','POST',1,79,'\r\n### Error updating database.  Cause: java.sql.SQLSyntaxErrorException: Unknown column \'no_matches\' in \'field list\'\r\n### The error may exist in com/o11eh/servicedemo/admin/mapper/ApiMatcherMapper.java (best guess)\r\n### The error may involve com.o11eh.servicedemo.admin.mapper.ApiMatcherMapper.insert-Inline\r\n### The error occurred while setting parameters\r\n### SQL: INSERT INTO api_matcher  ( id, apis,  no_matches, required_any, required_all, stop_chain, sort, created_by, create_time, updated_by, update_time )  VALUES  ( ?, ?,  ?, ?, ?, ?, ?, ?, ?, ?, ? )\r\n### Cause: java.sql.SQLSyntaxErrorException: Unknown column \'no_matches\' in \'field list\'\n; bad SQL grammar []; nested exception is java.sql.SQLSyntaxErrorException: Unknown column \'no_matches\' in \'field list\'','2022-05-31 11:39:04'),('1531480357669109761',NULL,'0:0:0:0:0:0:0:1','接口鉴权创建','com.o11eh.servicedemo.admin.controller.PermissionController','createApiMatcher','{\"id\": \"string\", \"apis\": [\"string\"], \"sort\": 0, \"noMatches\": [\"string\"], \"stopChain\": true, \"requiredAll\": [\"string\"], \"requiredAny\": [\"string\"]}','/permission/apiMatcher','POST',1,83,'\r\n### Error updating database.  Cause: java.sql.SQLSyntaxErrorException: Unknown column \'no_matches\' in \'field list\'\r\n### The error may exist in com/o11eh/servicedemo/admin/mapper/ApiMatcherMapper.java (best guess)\r\n### The error may involve com.o11eh.servicedemo.admin.mapper.ApiMatcherMapper.insert-Inline\r\n### The error occurred while setting parameters\r\n### SQL: INSERT INTO api_matcher  ( id, apis,  no_matches, required_any, required_all, stop_chain, sort, created_by, create_time, updated_by, update_time )  VALUES  ( ?, ?,  ?, ?, ?, ?, ?, ?, ?, ?, ? )\r\n### Cause: java.sql.SQLSyntaxErrorException: Unknown column \'no_matches\' in \'field list\'\n; bad SQL grammar []; nested exception is java.sql.SQLSyntaxErrorException: Unknown column \'no_matches\' in \'field list\'','2022-05-31 11:39:05'),('1531480366502313985',NULL,'0:0:0:0:0:0:0:1','接口鉴权创建','com.o11eh.servicedemo.admin.controller.PermissionController','createApiMatcher','{\"id\": \"string\", \"apis\": [\"string\"], \"sort\": 0, \"noMatches\": [\"string\"], \"stopChain\": true, \"requiredAll\": [\"string\"], \"requiredAny\": [\"string\"]}','/permission/apiMatcher','POST',1,77,'\r\n### Error updating database.  Cause: java.sql.SQLSyntaxErrorException: Unknown column \'no_matches\' in \'field list\'\r\n### The error may exist in com/o11eh/servicedemo/admin/mapper/ApiMatcherMapper.java (best guess)\r\n### The error may involve com.o11eh.servicedemo.admin.mapper.ApiMatcherMapper.insert-Inline\r\n### The error occurred while setting parameters\r\n### SQL: INSERT INTO api_matcher  ( id, apis,  no_matches, required_any, required_all, stop_chain, sort, created_by, create_time, updated_by, update_time )  VALUES  ( ?, ?,  ?, ?, ?, ?, ?, ?, ?, ?, ? )\r\n### Cause: java.sql.SQLSyntaxErrorException: Unknown column \'no_matches\' in \'field list\'\n; bad SQL grammar []; nested exception is java.sql.SQLSyntaxErrorException: Unknown column \'no_matches\' in \'field list\'','2022-05-31 11:39:08'),('1531480446693163009',NULL,'0:0:0:0:0:0:0:1','接口鉴权创建','com.o11eh.servicedemo.admin.controller.PermissionController','createApiMatcher','{\"id\": \"string\", \"apis\": [\"string\"], \"sort\": 0, \"noMatches\": [\"string\"], \"stopChain\": true, \"requiredAll\": [\"string\"], \"requiredAny\": [\"string\"]}','/permission/apiMatcher','POST',1,1349,'\r\n### Error updating database.  Cause: java.sql.SQLSyntaxErrorException: Unknown column \'no_matches\' in \'field list\'\r\n### The error may exist in com/o11eh/servicedemo/admin/mapper/ApiMatcherMapper.java (best guess)\r\n### The error may involve com.o11eh.servicedemo.admin.mapper.ApiMatcherMapper.insert-Inline\r\n### The error occurred while setting parameters\r\n### SQL: INSERT INTO api_matcher  ( id, apis,  no_matches, required_any, required_all, stop_chain, sort, created_by, create_time, updated_by, update_time )  VALUES  ( ?, ?,  ?, ?, ?, ?, ?, ?, ?, ?, ? )\r\n### Cause: java.sql.SQLSyntaxErrorException: Unknown column \'no_matches\' in \'field list\'\n; bad SQL grammar []; nested exception is java.sql.SQLSyntaxErrorException: Unknown column \'no_matches\' in \'field list\'','2022-05-31 11:39:27'),('1531480453437603842',NULL,'0:0:0:0:0:0:0:1','接口鉴权创建','com.o11eh.servicedemo.admin.controller.PermissionController','createApiMatcher','{\"id\": \"string\", \"apis\": [\"string\"], \"sort\": 0, \"noMatches\": [\"string\"], \"stopChain\": true, \"requiredAll\": [\"string\"], \"requiredAny\": [\"string\"]}','/permission/apiMatcher','POST',1,96,'\r\n### Error updating database.  Cause: java.sql.SQLSyntaxErrorException: Unknown column \'no_matches\' in \'field list\'\r\n### The error may exist in com/o11eh/servicedemo/admin/mapper/ApiMatcherMapper.java (best guess)\r\n### The error may involve com.o11eh.servicedemo.admin.mapper.ApiMatcherMapper.insert-Inline\r\n### The error occurred while setting parameters\r\n### SQL: INSERT INTO api_matcher  ( id, apis,  no_matches, required_any, required_all, stop_chain, sort, created_by, create_time, updated_by, update_time )  VALUES  ( ?, ?,  ?, ?, ?, ?, ?, ?, ?, ?, ? )\r\n### Cause: java.sql.SQLSyntaxErrorException: Unknown column \'no_matches\' in \'field list\'\n; bad SQL grammar []; nested exception is java.sql.SQLSyntaxErrorException: Unknown column \'no_matches\' in \'field list\'','2022-05-31 11:39:28'),('1531480630349152257',NULL,'0:0:0:0:0:0:0:1','接口鉴权创建','com.o11eh.servicedemo.admin.controller.PermissionController','createApiMatcher','{\"id\": \"string\", \"apis\": [\"string\"], \"sort\": 0, \"noMatches\": [\"string\"], \"stopChain\": true, \"requiredAll\": [\"string\"], \"requiredAny\": [\"string\"]}','/permission/apiMatcher','POST',0,99,NULL,'2022-05-31 11:40:10'),('1531480743784103938',NULL,'0:0:0:0:0:0:0:1','接口鉴权创建','com.o11eh.servicedemo.admin.controller.PermissionController','createApiMatcher','{\"id\": \"string\", \"apis\": [\"string\"], \"sort\": 0, \"methods\": [\"string\"], \"noMatches\": [\"string\"], \"stopChain\": true, \"requiredAll\": [\"string\"], \"requiredAny\": [\"string\"]}','/permission/apiMatcher','POST',1,89,'\r\n### Error updating database.  Cause: java.sql.SQLIntegrityConstraintViolationException: Duplicate entry \'string\' for key \'api_matcher.PRIMARY\'\r\n### The error may exist in com/o11eh/servicedemo/admin/mapper/ApiMatcherMapper.java (best guess)\r\n### The error may involve com.o11eh.servicedemo.admin.mapper.ApiMatcherMapper.insert-Inline\r\n### The error occurred while setting parameters\r\n### SQL: INSERT INTO api_matcher  ( id, apis, methods, no_matches, required_any, required_all, stop_chain, sort, created_by, create_time, updated_by, update_time )  VALUES  ( ?, ?, ?, ?, ?, ?, ?, ?, ?, ?, ?, ? )\r\n### Cause: java.sql.SQLIntegrityConstraintViolationException: Duplicate entry \'string\' for key \'api_matcher.PRIMARY\'\n; Duplicate entry \'string\' for key \'api_matcher.PRIMARY\'; nested exception is java.sql.SQLIntegrityConstraintViolationException: Duplicate entry \'string\' for key \'api_matcher.PRIMARY\'','2022-05-31 11:40:38'),('1531507214124728322',NULL,'0:0:0:0:0:0:0:1','接口鉴权创建','com.o11eh.servicedemo.admin.controller.PermissionController','createApiMatcher','{\"apis\": [\"string\"], \"sort\": 0, \"methods\": [\"string\"], \"noMatches\": [\"string\"], \"stopChain\": true, \"requiredAll\": [\"string\"], \"requiredAny\": [\"string\"]}','/permission/apiMatcher','POST',0,90,NULL,'2022-05-31 13:25:49'),('1531507416105631745',NULL,'0:0:0:0:0:0:0:1','接口鉴权创建','com.o11eh.servicedemo.admin.controller.PermissionController','createApiMatcher','{\"apis\": [\"string\"], \"sort\": 0, \"methods\": [\"string\"], \"noMatches\": [\"string\"], \"stopChain\": true, \"requiredAll\": [\"string\"], \"requiredAny\": [\"string\"]}','/permission/apiMatcher','POST',0,10765,NULL,'2022-05-31 13:26:37'),('1531514955950080002','admin1','127.0.0.1','接口鉴权更新','com.o11eh.servicedemo.admin.controller.PermissionController','updateApiMatcher','{\"id\": \"1531507370828120065\", \"apis\": [\"string\"], \"sort\": 1, \"methods\": [\"get\", \"post\"], \"noMatches\": [\"string\"], \"stopChain\": true, \"requiredAll\": [\"string\"], \"requiredAny\": [\"string\"]}','/permission/apiMatcher','PUT',0,74,NULL,'2022-05-31 13:56:39'),('1531515316156907522','admin1','127.0.0.1','接口鉴权创建','com.o11eh.servicedemo.admin.controller.PermissionController','createApiMatcher','{\"apis\": [], \"sort\": 100, \"methods\": [], \"noMatches\": [], \"stopChain\": true, \"requiredAll\": [], \"requiredAny\": []}','/permission/apiMatcher','POST',0,96,NULL,'2022-05-31 13:58:00'),('1531515883642044418','admin1','127.0.0.1','接口鉴权创建','com.o11eh.servicedemo.admin.controller.PermissionController','createApiMatcher','{\"apis\": [], \"sort\": 97, \"methods\": [], \"noMatches\": [], \"stopChain\": true, \"requiredAll\": [\"1497825987499515915\", \"1527556953735913474\"], \"requiredAny\": []}','/permission/apiMatcher','POST',0,104,NULL,'2022-05-31 14:00:16'),('1531516177914413057','admin1','127.0.0.1','接口鉴权删除','com.o11eh.servicedemo.admin.controller.PermissionController','deleteApiMatcher','[\"1531515883113562114\"]','/permission/apiMatcher','DELETE',0,95,NULL,'2022-05-31 14:01:26'),('1531516268171640834','admin1','127.0.0.1','接口鉴权删除','com.o11eh.servicedemo.admin.controller.PermissionController','deleteApiMatcher','[\"1531507213667549185\"]','/permission/apiMatcher','DELETE',0,67,NULL,'2022-05-31 14:01:47'),('1531516458244915201','admin1','127.0.0.1','接口鉴权删除','com.o11eh.servicedemo.admin.controller.PermissionController','deleteApiMatcher','[\"1531515315641008129\"]','/permission/apiMatcher','DELETE',0,67,NULL,'2022-05-31 14:02:33'),('1531516464964190210','admin1','127.0.0.1','接口鉴权删除','com.o11eh.servicedemo.admin.controller.PermissionController','deleteApiMatcher','[\"1531507370828120065\"]','/permission/apiMatcher','DELETE',0,79,NULL,'2022-05-31 14:02:34'),('1531517261315719169','admin1','127.0.0.1','接口鉴权创建','com.o11eh.servicedemo.admin.controller.PermissionController','createApiMatcher','{\"apis\": [], \"sort\": 100, \"methods\": [], \"noMatches\": [], \"stopChain\": true, \"requiredAll\": [], \"requiredAny\": []}','/permission/apiMatcher','POST',0,101,NULL,'2022-05-31 14:05:44'),('1531517761641660418','admin1','127.0.0.1','接口鉴权更新','com.o11eh.servicedemo.admin.controller.PermissionController','updateApiMatcher','{\"id\": \"1531517260787236865\", \"apis\": [], \"sort\": 100, \"methods\": [], \"noMatches\": [], \"stopChain\": true, \"requiredAll\": [\"1512328763396460545\", \"1497825987499515913\"], \"requiredAny\": [\"1512328763396460545\", \"1497825987499515913\"]}','/permission/apiMatcher','PUT',0,63,NULL,'2022-05-31 14:07:43'),('1531517893133090818','admin1','127.0.0.1','接口鉴权删除','com.o11eh.servicedemo.admin.controller.PermissionController','deleteApiMatcher','[\"1531517260787236865\"]','/permission/apiMatcher','DELETE',0,83,NULL,'2022-05-31 14:08:15'),('1531518104098193409','admin1','127.0.0.1','接口鉴权创建','com.o11eh.servicedemo.admin.controller.PermissionController','createApiMatcher','{\"apis\": [\"/admin/page\"], \"sort\": 100, \"methods\": [\"post\"], \"noMatches\": [], \"stopChain\": true, \"requiredAll\": [], \"requiredAny\": [\"1515162951845838849\"]}','/permission/apiMatcher','POST',0,95,NULL,'2022-05-31 14:09:05'),('1531522885739028481','admin1','127.0.0.1','接口鉴权创建','com.o11eh.servicedemo.admin.controller.PermissionController','createApiMatcher','{\"sort\": 100, \"matches\": [\"打发打发\"], \"methods\": [], \"noMatches\": [], \"stopChain\": true, \"requiredAll\": [], \"requiredAny\": []}','/permission/apiMatcher','POST',0,102,NULL,'2022-05-31 14:28:05'),('1531523057093124097','admin1','127.0.0.1','接口鉴权删除','com.o11eh.servicedemo.admin.controller.PermissionController','deleteApiMatcher','[\"1531522885156020226\"]','/permission/apiMatcher','DELETE',0,77,NULL,'2022-05-31 14:28:46'),('1531523335104176129','admin1','127.0.0.1','接口鉴权创建','com.o11eh.servicedemo.admin.controller.PermissionController','createApiMatcher','{\"sort\": 100, \"matches\": [], \"methods\": [\"post\"], \"noMatches\": [], \"stopChain\": true, \"requiredAll\": [\"1515162951845838849\", \"1497825987499515913\", \"1512328763396460545\", \"1497825987499515912\", \"1515162854164692993\", \"1497825987499515914\", \"1497825987499515910\"], \"requiredAny\": [\"1497825987499515912\", \"1497825987499515914\", \"1515162854164692993\", \"1515162951845838849\", \"1497825987499515913\", \"1512328763396460545\"]}','/permission/apiMatcher','POST',0,83,NULL,'2022-05-31 14:29:52'),('1531523410211577858','admin1','127.0.0.1','接口鉴权更新','com.o11eh.servicedemo.admin.controller.PermissionController','updateApiMatcher','{\"id\": \"1531523334630219778\", \"sort\": 100, \"matches\": [], \"methods\": [\"post\"], \"noMatches\": [], \"stopChain\": true, \"requiredAll\": [\"1515162951845838849\", \"1497825987499515913\", \"1512328763396460545\", \"1497825987499515912\", \"1515162854164692993\", \"1497825987499515914\", \"1497825987499515910\"], \"requiredAny\": [\"1497825987499515912\", \"1497825987499515914\", \"1515162854164692993\", \"1515162951845838849\", \"1497825987499515913\", \"1512328763396460545\"]}','/permission/apiMatcher','PUT',0,69,NULL,'2022-05-31 14:30:10'),('1531523680186343426','admin1','127.0.0.1','接口鉴权更新','com.o11eh.servicedemo.admin.controller.PermissionController','updateApiMatcher','{\"id\": \"1531523334630219778\", \"sort\": 100, \"matches\": [], \"methods\": [\"post\"], \"noMatches\": [], \"stopChain\": true, \"requiredAll\": [\"1515162951845838849\", \"1497825987499515913\", \"1512328763396460545\", \"1497825987499515912\", \"1515162854164692993\", \"1497825987499515914\", \"1497825987499515910\"], \"requiredAny\": [\"1497825987499515912\", \"1497825987499515914\", \"1515162854164692993\", \"1515162951845838849\", \"1497825987499515913\", \"1512328763396460545\"]}','/permission/apiMatcher','PUT',0,52,NULL,'2022-05-31 14:31:14'),('1531523735668596738','admin1','127.0.0.1','接口鉴权更新','com.o11eh.servicedemo.admin.controller.PermissionController','updateApiMatcher','{\"id\": \"1531523334630219778\", \"sort\": 100, \"matches\": [], \"methods\": [\"post\"], \"noMatches\": [], \"stopChain\": true, \"requiredAll\": [\"1515162951845838849\", \"1497825987499515913\", \"1512328763396460545\", \"1497825987499515912\", \"1515162854164692993\", \"1497825987499515914\", \"1497825987499515910\"], \"requiredAny\": [\"1497825987499515912\", \"1497825987499515914\", \"1515162854164692993\", \"1515162951845838849\", \"1497825987499515913\", \"1512328763396460545\"]}','/permission/apiMatcher','PUT',0,68,NULL,'2022-05-31 14:31:28'),('1531523956976852993','admin1','127.0.0.1','接口鉴权更新','com.o11eh.servicedemo.admin.controller.PermissionController','updateApiMatcher','{\"id\": \"1531523334630219778\", \"sort\": 100, \"matches\": [], \"methods\": [\"post\"], \"noMatches\": [], \"stopChain\": true, \"requiredAll\": [\"1515162951845838849\", \"1497825987499515913\", \"1512328763396460545\", \"1497825987499515912\", \"1515162854164692993\", \"1497825987499515914\", \"1497825987499515910\"], \"requiredAny\": [\"1497825987499515912\", \"1497825987499515914\", \"1515162854164692993\", \"1515162951845838849\", \"1497825987499515913\", \"1512328763396460545\"]}','/permission/apiMatcher','PUT',0,53,NULL,'2022-05-31 14:32:20'),('1531523977092734978','admin1','127.0.0.1','接口鉴权更新','com.o11eh.servicedemo.admin.controller.PermissionController','updateApiMatcher','{\"id\": \"1531523334630219778\", \"sort\": 100, \"matches\": [\"343434\"], \"methods\": [\"post\"], \"noMatches\": [], \"stopChain\": true, \"requiredAll\": [\"1515162951845838849\", \"1497825987499515913\", \"1512328763396460545\", \"1497825987499515912\", \"1515162854164692993\", \"1497825987499515914\", \"1497825987499515910\"], \"requiredAny\": [\"1497825987499515912\", \"1497825987499515914\", \"1515162854164692993\", \"1515162951845838849\", \"1497825987499515913\", \"1512328763396460545\"]}','/permission/apiMatcher','PUT',0,57,NULL,'2022-05-31 14:32:25'),('1531524028124831745','admin1','127.0.0.1','接口鉴权更新','com.o11eh.servicedemo.admin.controller.PermissionController','updateApiMatcher','{\"id\": \"1531523334630219778\", \"sort\": 100, \"matches\": [\"343434\"], \"methods\": [\"post\"], \"noMatches\": [], \"stopChain\": true, \"requiredAll\": [\"1515162951845838849\", \"1497825987499515913\", \"1512328763396460545\", \"1497825987499515912\", \"1515162854164692993\", \"1497825987499515914\", \"1497825987499515910\"], \"requiredAny\": [\"1497825987499515912\", \"1497825987499515914\", \"1515162854164692993\", \"1515162951845838849\", \"1497825987499515913\", \"1512328763396460545\"]}','/permission/apiMatcher','PUT',0,52,NULL,'2022-05-31 14:32:37'),('1531524061406633985','admin1','127.0.0.1','接口鉴权更新','com.o11eh.servicedemo.admin.controller.PermissionController','updateApiMatcher','{\"id\": \"1531523334630219778\", \"sort\": 100, \"matches\": [\"343434\"], \"methods\": [\"post\"], \"noMatches\": [\"123\"], \"stopChain\": true, \"requiredAll\": [\"1515162951845838849\", \"1497825987499515913\", \"1512328763396460545\", \"1497825987499515912\", \"1515162854164692993\", \"1497825987499515914\", \"1497825987499515910\"], \"requiredAny\": [\"1497825987499515912\", \"1497825987499515914\", \"1515162854164692993\", \"1515162951845838849\", \"1497825987499515913\", \"1512328763396460545\"]}','/permission/apiMatcher','PUT',0,56,NULL,'2022-05-31 14:32:45'),('1531524094612938754','admin1','127.0.0.1','接口鉴权删除','com.o11eh.servicedemo.admin.controller.PermissionController','deleteApiMatcher','[\"1531523334630219778\"]','/permission/apiMatcher','DELETE',0,68,NULL,'2022-05-31 14:32:53'),('1531524098635276290','admin1','127.0.0.1','接口鉴权删除','com.o11eh.servicedemo.admin.controller.PermissionController','deleteApiMatcher','[\"1531518103582294018\"]','/permission/apiMatcher','DELETE',0,66,NULL,'2022-05-31 14:32:54'),('1531524206621827073','admin1','127.0.0.1','接口鉴权创建','com.o11eh.servicedemo.admin.controller.PermissionController','createApiMatcher','{\"sort\": 100, \"matches\": [\"/admin/page\"], \"methods\": [\"post\"], \"noMatches\": [], \"stopChain\": true, \"requiredAll\": [], \"requiredAny\": [\"1515162951845838849\"]}','/permission/apiMatcher','POST',0,80,NULL,'2022-05-31 14:33:20'),('1531524607236579330','admin1','127.0.0.1','接口鉴权创建','com.o11eh.servicedemo.admin.controller.PermissionController','createApiMatcher','{\"sort\": 100, \"matches\": [], \"methods\": [], \"noMatches\": [], \"stopChain\": true, \"requiredAll\": [], \"requiredAny\": []}','/permission/apiMatcher','POST',0,84,NULL,'2022-05-31 14:34:55'),('1531524614509502465','admin1','127.0.0.1','接口鉴权更新','com.o11eh.servicedemo.admin.controller.PermissionController','updateApiMatcher','{\"id\": \"1531524606771011586\", \"sort\": 100, \"matches\": [], \"methods\": [], \"noMatches\": [], \"stopChain\": true, \"requiredAll\": [], \"requiredAny\": []}','/permission/apiMatcher','PUT',0,52,NULL,'2022-05-31 14:34:57'),('1531524619349729282','admin1','127.0.0.1','接口鉴权更新','com.o11eh.servicedemo.admin.controller.PermissionController','updateApiMatcher','{\"id\": \"1531524606771011586\", \"sort\": 100, \"matches\": [], \"methods\": [], \"noMatches\": [], \"stopChain\": true, \"requiredAll\": [], \"requiredAny\": []}','/permission/apiMatcher','PUT',0,50,NULL,'2022-05-31 14:34:58'),('1531524668691521537','admin1','127.0.0.1','接口鉴权更新','com.o11eh.servicedemo.admin.controller.PermissionController','updateApiMatcher','{\"id\": \"1531524606771011586\", \"sort\": 100, \"matches\": [], \"methods\": [], \"noMatches\": [], \"stopChain\": true, \"requiredAll\": [], \"requiredAny\": []}','/permission/apiMatcher','PUT',0,56,NULL,'2022-05-31 14:35:10'),('1531525042747940866','admin1','127.0.0.1','接口鉴权删除','com.o11eh.servicedemo.admin.controller.PermissionController','deleteApiMatcher','[\"1531524606771011586\"]','/permission/apiMatcher','DELETE',0,65,NULL,'2022-05-31 14:36:39'),('1531525192165826562','admin1','127.0.0.1','接口鉴权创建','com.o11eh.servicedemo.admin.controller.PermissionController','createApiMatcher','{\"sort\": 100, \"matches\": [\"/admin\"], \"methods\": [\"post\"], \"noMatches\": [], \"stopChain\": true, \"requiredAll\": [], \"requiredAny\": [\"1497811074932543489\"]}','/permission/apiMatcher','POST',0,87,NULL,'2022-05-31 14:37:15'),('1531525255818584066','admin1','127.0.0.1','接口鉴权创建','com.o11eh.servicedemo.admin.controller.PermissionController','createApiMatcher','{\"sort\": 100, \"matches\": [\"/admin\"], \"methods\": [\"put\"], \"noMatches\": [], \"stopChain\": true, \"requiredAll\": [], \"requiredAny\": [\"1497811107790721025\"]}','/permission/apiMatcher','POST',0,86,NULL,'2022-05-31 14:37:30'),('1531525301360336898','admin1','127.0.0.1','接口鉴权创建','com.o11eh.servicedemo.admin.controller.PermissionController','createApiMatcher','{\"sort\": 100, \"matches\": [\"/admin\"], \"methods\": [\"delete\"], \"noMatches\": [], \"stopChain\": true, \"requiredAll\": [], \"requiredAny\": [\"1497825987499515906\"]}','/permission/apiMatcher','POST',0,77,NULL,'2022-05-31 14:37:41'),('1531525509381038082','admin1','127.0.0.1','接口鉴权更新','com.o11eh.servicedemo.admin.controller.PermissionController','updateApiMatcher','{\"id\": \"1531525191649927170\", \"sort\": 100, \"matches\": [\"/admin\"], \"methods\": [\"post\"], \"noMatches\": [], \"stopChain\": true, \"requiredAll\": [], \"requiredAny\": [\"1497811074932543489\"]}','/permission/apiMatcher','PUT',0,52,NULL,'2022-05-31 14:38:30'),('1531525515013988353','admin1','127.0.0.1','接口鉴权更新','com.o11eh.servicedemo.admin.controller.PermissionController','updateApiMatcher','{\"id\": \"1531525191649927170\", \"sort\": 100, \"matches\": [\"/admin\"], \"methods\": [\"post\"], \"noMatches\": [], \"stopChain\": true, \"requiredAll\": [], \"requiredAny\": [\"1497811074932543489\"]}','/permission/apiMatcher','PUT',0,60,NULL,'2022-05-31 14:38:32'),('1531525822670381057','admin1','127.0.0.1','接口鉴权更新','com.o11eh.servicedemo.admin.controller.PermissionController','updateApiMatcher','{\"id\": \"1531525191649927170\", \"sort\": 100, \"matches\": [\"/admin\"], \"methods\": [\"post\"], \"noMatches\": [], \"stopChain\": true, \"requiredAll\": [], \"requiredAny\": [\"1497811074932543489\"]}','/permission/apiMatcher','PUT',0,57,NULL,'2022-05-31 14:39:45'),('1531525968065929218','admin1','127.0.0.1','接口鉴权更新','com.o11eh.servicedemo.admin.controller.PermissionController','updateApiMatcher','{\"id\": \"1531525255365599234\", \"sort\": 100, \"matches\": [\"/admin\"], \"methods\": [\"put\"], \"noMatches\": [], \"stopChain\": true, \"requiredAll\": [], \"requiredAny\": [\"1497811107790721025\"]}','/permission/apiMatcher','PUT',0,60,NULL,'2022-05-31 14:40:20'),('1531525975913472001','admin1','127.0.0.1','接口鉴权更新','com.o11eh.servicedemo.admin.controller.PermissionController','updateApiMatcher','{\"id\": \"1531525255365599234\", \"sort\": 100, \"matches\": [\"/admin\"], \"methods\": [\"put\"], \"noMatches\": [], \"stopChain\": true, \"requiredAll\": [], \"requiredAny\": [\"1497811107790721025\"]}','/permission/apiMatcher','PUT',0,53,NULL,'2022-05-31 14:40:22'),('1531526030296817665','admin1','127.0.0.1','接口鉴权更新','com.o11eh.servicedemo.admin.controller.PermissionController','updateApiMatcher','{\"id\": \"1531525191649927170\", \"sort\": 100, \"matches\": [\"/admin\"], \"methods\": [\"post\"], \"noMatches\": [], \"stopChain\": true, \"requiredAll\": [], \"requiredAny\": [\"1497811074932543489\"]}','/permission/apiMatcher','PUT',0,56,NULL,'2022-05-31 14:40:35'),('1531526471923474433','admin1','127.0.0.1','接口鉴权创建','com.o11eh.servicedemo.admin.controller.PermissionController','createApiMatcher','{\"sort\": 100, \"matches\": [\"/permission\"], \"methods\": [], \"noMatches\": [], \"stopChain\": true, \"requiredAll\": [], \"requiredAny\": []}','/permission/apiMatcher','POST',0,76,NULL,'2022-05-31 14:42:20'),('1531526568551849985','admin1','127.0.0.1','接口鉴权更新','com.o11eh.servicedemo.admin.controller.PermissionController','updateApiMatcher','{\"id\": \"1531526471466295298\", \"sort\": 100, \"matches\": [\"/permission/page\"], \"methods\": [\"post\"], \"noMatches\": [], \"stopChain\": true, \"requiredAll\": [], \"requiredAny\": [\"1512328763396460545\"]}','/permission/apiMatcher','PUT',0,57,NULL,'2022-05-31 14:42:43'),('1531526649770352642','admin1','127.0.0.1','权限更新','com.o11eh.servicedemo.admin.controller.PermissionController','update','{\"id\": \"1515162854164692993\", \"name\": \"角色列表\", \"sort\": 100, \"status\": \"启用\", \"parentId\": \"1497825987499515907\", \"resourceType\": \"操作\", \"permissionKey\": \"role:page\"}','/permission','PUT',0,56,NULL,'2022-05-31 14:43:02'),('1531526705265188865','admin1','127.0.0.1','权限更新','com.o11eh.servicedemo.admin.controller.PermissionController','update','{\"id\": \"1515162951845838849\", \"name\": \"用户列表\", \"sort\": 100, \"status\": \"启用\", \"parentId\": \"1497811057370992642\", \"resourceType\": \"操作\", \"permissionKey\": \"admin:page\"}','/permission','PUT',0,52,NULL,'2022-05-31 14:43:16'),('1531526910668644354','admin1','127.0.0.1','接口鉴权创建','com.o11eh.servicedemo.admin.controller.PermissionController','createApiMatcher','{\"sort\": 100, \"matches\": [\"/permission\"], \"methods\": [\"put\"], \"noMatches\": [], \"stopChain\": true, \"requiredAll\": [], \"requiredAny\": [\"1497825987499515912\"]}','/permission/apiMatcher','POST',0,94,NULL,'2022-05-31 14:44:05'),('1531527212981493762','admin1','127.0.0.1','接口鉴权更新','com.o11eh.servicedemo.admin.controller.PermissionController','updateApiMatcher','{\"id\": \"1531526910140162049\", \"sort\": 100, \"matches\": [\"/permission\"], \"methods\": [\"post\"], \"noMatches\": [], \"stopChain\": true, \"requiredAll\": [], \"requiredAny\": [\"1497825987499515912\"]}','/permission/apiMatcher','PUT',0,51,NULL,'2022-05-31 14:45:17'),('1531527281453506561','admin1','127.0.0.1','接口鉴权更新','com.o11eh.servicedemo.admin.controller.PermissionController','updateApiMatcher','{\"id\": \"1531526910140162050\", \"sort\": 100, \"matches\": [\"/permission\"], \"methods\": [\"put\"], \"noMatches\": [], \"stopChain\": true, \"requiredAll\": [], \"requiredAny\": [\"1497825987499515912\"]}','/permission/apiMatcher','PUT',0,56,NULL,'2022-05-31 14:45:33'),('1531527473238056961','admin1','127.0.0.1','接口鉴权更新','com.o11eh.servicedemo.admin.controller.PermissionController','updateApiMatcher','{\"id\": \"1531526910140162050\", \"sort\": 100, \"matches\": [\"/permission\"], \"methods\": [\"put\"], \"noMatches\": [], \"stopChain\": true, \"requiredAll\": [], \"requiredAny\": [\"1497825987499515913\"]}','/permission/apiMatcher','PUT',0,49,NULL,'2022-05-31 14:46:19'),('1531527514849746945','admin1','127.0.0.1','接口鉴权更新','com.o11eh.servicedemo.admin.controller.PermissionController','updateApiMatcher','{\"id\": \"1531526910140162051\", \"sort\": 100, \"matches\": [\"/permission\"], \"methods\": [\"delete\"], \"noMatches\": [], \"stopChain\": true, \"requiredAll\": [], \"requiredAny\": [\"1497825987499515914\"]}','/permission/apiMatcher','PUT',0,68,NULL,'2022-05-31 14:46:29'),('1531528165356937218','admin1','127.0.0.1','接口鉴权创建','com.o11eh.servicedemo.admin.controller.PermissionController','createApiMatcher','{\"sort\": 100, \"matches\": [\"/permission/{id}\"], \"methods\": [], \"noMatches\": [\"/permission/list\"], \"stopChain\": true, \"requiredAll\": [], \"requiredAny\": []}','/permission/apiMatcher','POST',0,89,NULL,'2022-05-31 14:49:04'),('1531528248211218433','admin1','127.0.0.1','接口鉴权更新','com.o11eh.servicedemo.admin.controller.PermissionController','updateApiMatcher','{\"id\": \"1531526471466295298\", \"sort\": 100, \"matches\": [\"/permission/list\"], \"methods\": [\"post\"], \"noMatches\": [], \"stopChain\": true, \"requiredAll\": [], \"requiredAny\": [\"1512328763396460545\"]}','/permission/apiMatcher','PUT',0,70,NULL,'2022-05-31 14:49:23'),('1531528444273958914','admin1','127.0.0.1','接口鉴权更新','com.o11eh.servicedemo.admin.controller.PermissionController','updateApiMatcher','{\"id\": \"1531528164908146690\", \"sort\": 100, \"matches\": [\"/permission/{id}\"], \"methods\": [\"get\"], \"noMatches\": [\"/permission/list\"], \"stopChain\": true, \"requiredAll\": [], \"requiredAny\": [\"1497825987499515913\"]}','/permission/apiMatcher','PUT',0,58,NULL,'2022-05-31 14:50:10'),('1531528847703089154','admin1','127.0.0.1','接口鉴权更新','com.o11eh.servicedemo.admin.controller.PermissionController','updateApiMatcher','{\"id\": \"1531526471466295298\", \"sort\": 100, \"matches\": [\"/permission/list\"], \"methods\": [\"get\"], \"noMatches\": [], \"stopChain\": true, \"requiredAll\": [], \"requiredAny\": [\"1512328763396460545\"]}','/permission/apiMatcher','PUT',0,52,NULL,'2022-05-31 14:51:46'),('1531529983705161729','admin1','127.0.0.1','接口鉴权创建','com.o11eh.servicedemo.admin.controller.PermissionController','createApiMatcher','{\"sort\": 100, \"matches\": [\"/role/page\"], \"methods\": [\"post\"], \"noMatches\": [], \"stopChain\": true, \"requiredAll\": [], \"requiredAny\": [\"1515162854164692993\"]}','/permission/apiMatcher','POST',0,74,NULL,'2022-05-31 14:56:17'),('1531530231743717378','admin1','127.0.0.1','接口鉴权更新','com.o11eh.servicedemo.admin.controller.PermissionController','updateApiMatcher','{\"id\": \"1531529983252176898\", \"sort\": 100, \"matches\": [\"/role\"], \"methods\": [\"post\"], \"noMatches\": [], \"stopChain\": true, \"requiredAll\": [], \"requiredAny\": [\"1497825987499515908\"]}','/permission/apiMatcher','PUT',0,51,NULL,'2022-05-31 14:57:16'),('1531530276677296129','admin1','127.0.0.1','接口鉴权更新','com.o11eh.servicedemo.admin.controller.PermissionController','updateApiMatcher','{\"id\": \"1531529983252176899\", \"sort\": 100, \"matches\": [\"/role\"], \"methods\": [\"put\"], \"noMatches\": [], \"stopChain\": true, \"requiredAll\": [], \"requiredAny\": [\"1497825987499515909\"]}','/permission/apiMatcher','PUT',0,50,NULL,'2022-05-31 14:57:27'),('1531530308591755265','admin1','127.0.0.1','接口鉴权更新','com.o11eh.servicedemo.admin.controller.PermissionController','updateApiMatcher','{\"id\": \"1531529983252176900\", \"sort\": 100, \"matches\": [\"/role\"], \"methods\": [\"delete\"], \"noMatches\": [], \"stopChain\": true, \"requiredAll\": [], \"requiredAny\": [\"1497825987499515909\"]}','/permission/apiMatcher','PUT',0,57,NULL,'2022-05-31 14:57:35'),('1531534116893945858','admin1','127.0.0.1','接口鉴权创建','com.o11eh.servicedemo.admin.controller.PermissionController','createApiMatcher','{\"sort\": 100, \"matches\": [\"/permission//apiMatcher\"], \"methods\": [\"post\"], \"noMatches\": [], \"stopChain\": true, \"requiredAll\": [], \"requiredAny\": []}','/permission/apiMatcher','POST',0,99,NULL,'2022-05-31 15:12:43'),('1531534196539584513','admin1','127.0.0.1','接口鉴权创建','com.o11eh.servicedemo.admin.controller.PermissionController','createApiMatcher','{\"sort\": 100, \"matches\": [\"/permission//apiMatcher/page\"], \"methods\": [\"post\"], \"noMatches\": [], \"stopChain\": true, \"requiredAll\": [], \"requiredAny\": []}','/permission/apiMatcher','POST',0,83,NULL,'2022-05-31 15:13:02'),('1531534358498439170','admin1','127.0.0.1','权限新建','com.o11eh.servicedemo.admin.controller.PermissionController','create','{\"name\": \"接口鉴权\", \"sort\": 100, \"status\": \"启用\", \"parentId\": \"1531160974241443841\", \"resourceType\": \"操作\", \"permissionKey\": \"apiPer:page\"}','/permission','POST',0,145,NULL,'2022-05-31 15:13:40'),('1531534585871659009','admin1','127.0.0.1','权限删除','com.o11eh.servicedemo.admin.controller.PermissionController','delete','[1531534358099980290]','/permission','DELETE',0,61,NULL,'2022-05-31 15:14:34'),('1531534708739600385','admin1','127.0.0.1','权限新建','com.o11eh.servicedemo.admin.controller.PermissionController','create','{\"name\": \"接口鉴权查询\", \"sort\": 100, \"status\": \"启用\", \"parentId\": \"1531160974241443841\", \"resourceType\": \"操作\", \"permissionKey\": \"apiPerm:page\"}','/permission','POST',0,96,NULL,'2022-05-31 15:15:04'),('1531534845859786754','admin1','127.0.0.1','权限新建','com.o11eh.servicedemo.admin.controller.PermissionController','create','{\"name\": \"接口鉴权创建\", \"sort\": 100, \"status\": \"启用\", \"parentId\": null, \"resourceType\": \"操作\", \"permissionKey\": \"apiPerm:create\"}','/permission','POST',0,85,NULL,'2022-05-31 15:15:36'),('1531534936800686082','admin1','127.0.0.1','权限新建','com.o11eh.servicedemo.admin.controller.PermissionController','create','{\"name\": \"接口鉴权更新\", \"sort\": 100, \"status\": \"启用\", \"parentId\": \"1531160974241443841\", \"resourceType\": \"操作\", \"permissionKey\": \"apiPerm:update\"}','/permission','POST',0,78,NULL,'2022-05-31 15:15:58'),('1531534972410327042','admin1','127.0.0.1','权限更新','com.o11eh.servicedemo.admin.controller.PermissionController','update','{\"id\": \"1531534845398413314\", \"name\": \"接口鉴权创建\", \"sort\": 100, \"status\": \"启用\", \"parentId\": \"1531160974241443841\", \"resourceType\": \"操作\", \"permissionKey\": \"apiPerm:create\"}','/permission','PUT',0,59,NULL,'2022-05-31 15:16:07'),('1531535066576646146','admin1','127.0.0.1','权限新建','com.o11eh.servicedemo.admin.controller.PermissionController','create','{\"name\": \"接口鉴权删除\", \"sort\": 100, \"status\": \"启用\", \"parentId\": \"1531160974241443841\", \"resourceType\": \"操作\", \"permissionKey\": \"apiPerm:delete\"}','/permission','POST',0,78,NULL,'2022-05-31 15:16:29'),('1531536058273689602','admin1','127.0.0.1','接口鉴权创建','com.o11eh.servicedemo.admin.controller.PermissionController','createApiMatcher','{\"sort\": 100, \"matches\": [\"/permission//apiMatcher\"], \"methods\": [], \"noMatches\": [], \"stopChain\": true, \"requiredAll\": [], \"requiredAny\": []}','/permission/apiMatcher','POST',0,76,NULL,'2022-05-31 15:20:26'),('1531536096886452225','admin1','127.0.0.1','接口鉴权创建','com.o11eh.servicedemo.admin.controller.PermissionController','createApiMatcher','{\"sort\": 100, \"matches\": [\"/permission//apiMatcher\"], \"methods\": [], \"noMatches\": [], \"stopChain\": true, \"requiredAll\": [], \"requiredAny\": []}','/permission/apiMatcher','POST',0,75,NULL,'2022-05-31 15:20:35'),('1531536128834465794','admin1','127.0.0.1','接口鉴权更新','com.o11eh.servicedemo.admin.controller.PermissionController','updateApiMatcher','{\"id\": \"1531536057879425026\", \"sort\": 100, \"matches\": [\"/permission//apiMatcher\"], \"methods\": [], \"noMatches\": [], \"stopChain\": true, \"requiredAll\": [], \"requiredAny\": []}','/permission/apiMatcher','PUT',0,57,NULL,'2022-05-31 15:20:42'),('1531536129820127234','admin1','127.0.0.1','接口鉴权更新','com.o11eh.servicedemo.admin.controller.PermissionController','updateApiMatcher','{\"id\": \"1531536096425078785\", \"sort\": 100, \"matches\": [\"/permission//apiMatcher\"], \"methods\": [], \"noMatches\": [], \"stopChain\": true, \"requiredAll\": [], \"requiredAny\": []}','/permission/apiMatcher','PUT',0,55,NULL,'2022-05-31 15:20:43'),('1531536262951530497','admin1','127.0.0.1','接口鉴权更新','com.o11eh.servicedemo.admin.controller.PermissionController','updateApiMatcher','{\"id\": \"1531534196078211074\", \"sort\": 100, \"matches\": [\"/permission//apiMatcher/page\"], \"methods\": [\"post\"], \"noMatches\": [], \"stopChain\": true, \"requiredAll\": [], \"requiredAny\": [\"1531534708215312385\"]}','/permission/apiMatcher','PUT',0,52,NULL,'2022-05-31 15:21:14'),('1531536305334972417','admin1','127.0.0.1','接口鉴权更新','com.o11eh.servicedemo.admin.controller.PermissionController','updateApiMatcher','{\"id\": \"1531534116365463553\", \"sort\": 100, \"matches\": [\"/permission//apiMatcher\"], \"methods\": [\"post\"], \"noMatches\": [], \"stopChain\": true, \"requiredAll\": [], \"requiredAny\": [\"1531534845398413314\"]}','/permission/apiMatcher','PUT',0,53,NULL,'2022-05-31 15:21:24'),('1531538320446390274','admin1','127.0.0.1','权限更新','com.o11eh.servicedemo.admin.controller.PermissionController','update','{\"id\": \"1531160974241443841\", \"meta\": {\"icon\": \"el-icon-s-platform\", \"title\": \"接口鉴权\", \"noCache\": true}, \"name\": \"接口鉴权\", \"path\": \"apiPermission\", \"sort\": 100, \"status\": \"启用\", \"parentId\": \"1497825987499515915\", \"component\": \"apiPermission\", \"resourceType\": \"二级菜单\", \"permissionKey\": \"apiPerm:router\"}','/permission','PUT',0,88,NULL,'2022-05-31 15:29:25'),('1531538823209222146','admin1','127.0.0.1','权限新建','com.o11eh.servicedemo.admin.controller.PermissionController','create','{\"name\": \"系统参数查询\", \"sort\": 100, \"status\": \"启用\", \"parentId\": \"1527559969159471105\", \"resourceType\": \"操作\", \"permissionKey\": \"sysParam:page\"}','/permission','POST',0,115,NULL,'2022-05-31 15:31:25'),('1531539265196589058','admin1','127.0.0.1','权限新建','com.o11eh.servicedemo.admin.controller.PermissionController','create','{\"name\": \"系统参数创建\", \"sort\": 100, \"status\": \"启用\", \"parentId\": \"1527559969159471105\", \"resourceType\": \"操作\", \"permissionKey\": \"sysParam:create\"}','/permission','POST',0,71,NULL,'2022-05-31 15:33:10'),('1531539318938206210','admin1','127.0.0.1','权限新建','com.o11eh.servicedemo.admin.controller.PermissionController','create','{\"name\": \"系统参数更新\", \"sort\": 100, \"status\": \"启用\", \"parentId\": \"1527559969159471105\", \"resourceType\": \"操作\", \"permissionKey\": \"sysParam:update\"}','/permission','POST',0,66,NULL,'2022-05-31 15:33:23'),('1531539413897248770','admin1','127.0.0.1','权限新建','com.o11eh.servicedemo.admin.controller.PermissionController','create','{\"name\": \"系统参数删除\", \"sort\": 100, \"status\": \"启用\", \"parentId\": \"1527559969159471105\", \"resourceType\": \"操作\", \"permissionKey\": \"sysParam:delete\"}','/permission','POST',0,73,NULL,'2022-05-31 15:33:46'),('1531568118854033410','admin1','127.0.0.1','接口鉴权创建','com.o11eh.servicedemo.admin.controller.PermissionController','createApiMatcher','{\"sort\": 100, \"matches\": [\"/permission/granted/{roleId}\"], \"methods\": [\"get\"], \"noMatches\": [], \"stopChain\": true, \"requiredAll\": [], \"requiredAny\": [\"1497825987499515909\"]}','/permission/apiMatcher','POST',0,75,NULL,'2022-05-31 17:27:49'),('1531568405895421954','admin1','127.0.0.1','接口鉴权更新','com.o11eh.servicedemo.admin.controller.PermissionController','updateApiMatcher','{\"id\": \"1531529983252176899\", \"sort\": 100, \"matches\": [\"/role\", \"/permission/granted/{roleId}\"], \"methods\": [\"put\"], \"noMatches\": [], \"stopChain\": true, \"requiredAll\": [], \"requiredAny\": [\"1497825987499515909\"]}','/permission/apiMatcher','PUT',0,50,NULL,'2022-05-31 17:28:58'),('1531568470764527617','admin1','127.0.0.1','接口鉴权删除','com.o11eh.servicedemo.admin.controller.PermissionController','deleteApiMatcher','[\"1531568118375882754\"]','/permission/apiMatcher','DELETE',0,77,NULL,'2022-05-31 17:29:13'),('1531568567128662018','admin1','127.0.0.1','接口鉴权更新','com.o11eh.servicedemo.admin.controller.PermissionController','updateApiMatcher','{\"id\": \"1531529983252176899\", \"sort\": 100, \"matches\": [\"/role\"], \"methods\": [\"put\"], \"noMatches\": [], \"stopChain\": true, \"requiredAll\": [], \"requiredAny\": [\"1497825987499515909\"]}','/permission/apiMatcher','PUT',0,47,NULL,'2022-05-31 17:29:36'),('1531568715598635009','admin1','127.0.0.1','接口鉴权创建','com.o11eh.servicedemo.admin.controller.PermissionController','createApiMatcher','{\"sort\": 100, \"matches\": [\"/permission/granted/{roleId}\"], \"methods\": [\"get\"], \"noMatches\": [], \"stopChain\": true, \"requiredAll\": [], \"requiredAny\": [\"1497825987499515909\"]}','/permission/apiMatcher','POST',0,60,NULL,'2022-05-31 17:30:12'),('1531569047913340930','admin1','127.0.0.1','接口鉴权更新','com.o11eh.servicedemo.admin.controller.PermissionController','updateApiMatcher','{\"id\": \"1531536057879425026\", \"sort\": 100, \"matches\": [\"/permission/apiMatcher\"], \"methods\": [\"put\"], \"noMatches\": [], \"stopChain\": true, \"requiredAll\": [], \"requiredAny\": [\"1531534936343506946\"]}','/permission/apiMatcher','PUT',0,42,NULL,'2022-05-31 17:31:31'),('1531569159737679873','admin1','127.0.0.1','接口鉴权更新','com.o11eh.servicedemo.admin.controller.PermissionController','updateApiMatcher','{\"id\": \"1531536096425078785\", \"sort\": 100, \"matches\": [\"/permission/apiMatcher\"], \"methods\": [\"post\"], \"noMatches\": [], \"stopChain\": true, \"requiredAll\": [], \"requiredAny\": [\"1531534845398413314\"]}','/permission/apiMatcher','PUT',0,41,NULL,'2022-05-31 17:31:58'),('1531569902901239809','admin1','127.0.0.1','权限新建','com.o11eh.servicedemo.admin.controller.PermissionController','create','{\"name\": \"操作日志查询\", \"sort\": 100, \"status\": \"启用\", \"parentId\": \"1526174932170162178\", \"resourceType\": \"操作\", \"permissionKey\": \"sysLog:page\"}','/permission','POST',0,100,NULL,'2022-05-31 17:34:55'),('1531570060896477185','admin1','127.0.0.1','角色更新','com.o11eh.servicedemo.admin.controller.RoleController','update','{\"id\": \"1497825987499515915\", \"name\": \"超级管理员\", \"status\": \"启用\", \"summary\": \"拥有更多权限\", \"permissionKeys\": [\"resource:router\", \"permission:router\", \"permission:list\", \"permission:delete\", \"permission:update\", \"permission:create\", \"role:router\", \"role:page\", \"role:delete\", \"role:update\", \"role:create\", \"admin:router\", \"admin:page\", \"admin:delete\", \"admin:update\", \"admin:create\", \"apiPerm:router\", \"apiPerm:update\", \"apiPerm:page\", \"apiPerm:create\", \"apiPerm:delete\", \"sysParam:router\", \"sysParam:page\", \"sysParam:create\", \"sysParam:update\", \"sysParam:delete\", \"log:router\", \"syslog:router\", \"sysLog:page\"]}','/role','PUT',0,504,NULL,'2022-05-31 17:35:32'),('1531886934486151169','admin1','127.0.0.1','接口鉴权创建','com.o11eh.servicedemo.admin.controller.PermissionController','createApiMatcher','{\"sort\": 100, \"matches\": [\"/sysBase/sysParam/page\"], \"methods\": [\"post\"], \"noMatches\": [], \"stopChain\": true, \"requiredAll\": [\"1531538822886260737\"], \"requiredAny\": []}','/permission/apiMatcher','POST',0,76,NULL,'2022-06-01 14:34:41'),('1531887127768068098','admin1','127.0.0.1','接口鉴权创建','com.o11eh.servicedemo.admin.controller.PermissionController','createApiMatcher','{\"sort\": 100, \"matches\": [\"/sysBase/sysParam\"], \"methods\": [\"post\"], \"noMatches\": [], \"stopChain\": true, \"requiredAll\": [], \"requiredAny\": [\"1531539264869433346\"]}','/permission/apiMatcher','POST',0,74,NULL,'2022-06-01 14:35:27'),('1531887434732400642','admin1','127.0.0.1','接口鉴权创建','com.o11eh.servicedemo.admin.controller.PermissionController','createApiMatcher','{\"sort\": 100, \"matches\": [\"/sysBase/sysParam\"], \"methods\": [\"put\"], \"noMatches\": [], \"stopChain\": true, \"requiredAll\": [], \"requiredAny\": []}','/permission/apiMatcher','POST',0,62,NULL,'2022-06-01 14:36:40'),('1531887487500939266','admin1','127.0.0.1','接口鉴权更新','com.o11eh.servicedemo.admin.controller.PermissionController','updateApiMatcher','{\"id\": \"1531887434405244929\", \"sort\": 100, \"matches\": [\"/sysBase/sysParam\"], \"methods\": [\"put\"], \"noMatches\": [], \"stopChain\": true, \"requiredAll\": [], \"requiredAny\": [\"1531539318556524545\"]}','/permission/apiMatcher','PUT',0,49,NULL,'2022-06-01 14:36:53'),('1531887543612338177','admin1','127.0.0.1','接口鉴权创建','com.o11eh.servicedemo.admin.controller.PermissionController','createApiMatcher','{\"sort\": 100, \"matches\": [\"/sysBase/sysParam\"], \"methods\": [\"delete\"], \"noMatches\": [], \"stopChain\": true, \"requiredAll\": [], \"requiredAny\": [\"1531539413511372801\"]}','/permission/apiMatcher','POST',0,64,NULL,'2022-06-01 14:37:06'),('1531892133959188481','admin1','127.0.0.1',NULL,'com.o11eh.servicedemo.admin.controller.SysBaseController','permissionDto',NULL,'/sysBase/permissionDto','GET',0,18,NULL,'2022-06-01 14:55:21'),('1531892134831603713','admin1','127.0.0.1',NULL,'com.o11eh.servicedemo.admin.controller.PermissionController','apiMatcherPage','{\"size\": 10, \"current\": 1, \"keyword\": \"\"}','/permission/apiMatcher/page','POST',0,147,NULL,'2022-06-01 14:55:21'),('1531892134961627137','admin1','127.0.0.1',NULL,'com.o11eh.servicedemo.admin.controller.SysBaseController','getAllUrl',NULL,'/sysBase/allUrl','GET',0,3,NULL,'2022-06-01 14:55:21'),('1531892297826451457','admin1','127.0.0.1',NULL,'com.o11eh.servicedemo.admin.controller.PermissionController','apiMatcherPage','{\"size\": 10, \"current\": 1, \"keyword\": \"\"}','/permission/apiMatcher/page','POST',0,23,NULL,'2022-06-01 14:56:00'),('1531892333733888002','admin1','127.0.0.1',NULL,'com.o11eh.servicedemo.admin.controller.PermissionController','apiMatcherPage','{\"size\": 10, \"current\": 1, \"keyword\": \"\"}','/permission/apiMatcher/page','POST',0,27,NULL,'2022-06-01 14:56:08'),('1531892336476962817','admin1','127.0.0.1',NULL,'com.o11eh.servicedemo.admin.controller.PermissionController','apiMatcherPage','{\"size\": 10, \"current\": 1, \"keyword\": \"\"}','/permission/apiMatcher/page','POST',0,22,NULL,'2022-06-01 14:56:09'),('1531892336997056513','admin1','127.0.0.1',NULL,'com.o11eh.servicedemo.admin.controller.PermissionController','apiMatcherPage','{\"size\": 10, \"current\": 1, \"keyword\": \"\"}','/permission/apiMatcher/page','POST',0,50,NULL,'2022-06-01 14:56:09'),('1531892337588453378','admin1','127.0.0.1',NULL,'com.o11eh.servicedemo.admin.controller.PermissionController','apiMatcherPage','{\"size\": 10, \"current\": 1, \"keyword\": \"\"}','/permission/apiMatcher/page','POST',0,23,NULL,'2022-06-01 14:56:09'),('1531892337588453379','admin1','127.0.0.1',NULL,'com.o11eh.servicedemo.admin.controller.PermissionController','apiMatcherPage','{\"size\": 10, \"current\": 1, \"keyword\": \"\"}','/permission/apiMatcher/page','POST',0,29,NULL,'2022-06-01 14:56:09'),('1531892338246959105','admin1','127.0.0.1',NULL,'com.o11eh.servicedemo.admin.controller.PermissionController','apiMatcherPage','{\"size\": 10, \"current\": 1, \"keyword\": \"\"}','/permission/apiMatcher/page','POST',0,27,NULL,'2022-06-01 14:56:09'),('1531892340025344001','admin1','127.0.0.1',NULL,'com.o11eh.servicedemo.admin.controller.PermissionController','apiMatcherPage','{\"size\": 10, \"current\": 1, \"keyword\": \"\"}','/permission/apiMatcher/page','POST',0,22,NULL,'2022-06-01 14:56:10'),('1531892343091380226','admin1','127.0.0.1',NULL,'com.o11eh.servicedemo.admin.controller.PermissionController','apiMatcherPage','{\"size\": 10, \"current\": 1, \"keyword\": \"\"}','/permission/apiMatcher/page','POST',0,25,NULL,'2022-06-01 14:56:10'),('1531892345058508802','admin1','127.0.0.1',NULL,'com.o11eh.servicedemo.admin.controller.PermissionController','apiMatcherPage','{\"size\": 10, \"current\": 1, \"keyword\": \"\"}','/permission/apiMatcher/page','POST',0,21,NULL,'2022-06-01 14:56:11'),('1531892350083284993','admin1','127.0.0.1',NULL,'com.o11eh.servicedemo.admin.controller.PermissionController','apiMatcherPage','{\"size\": 10, \"current\": 1, \"keyword\": \"\"}','/permission/apiMatcher/page','POST',0,22,NULL,'2022-06-01 14:56:12'),('1531892353224818689','admin1','127.0.0.1',NULL,'com.o11eh.servicedemo.admin.controller.PermissionController','apiMatcherPage','{\"size\": 10, \"current\": 1, \"keyword\": \"\"}','/permission/apiMatcher/page','POST',0,24,NULL,'2022-06-01 14:56:13'),('1531892639389597698','admin1','127.0.0.1',NULL,'com.o11eh.servicedemo.admin.controller.SysBaseController','permissionDto',NULL,'/sysBase/permissionDto','GET',0,11,NULL,'2022-06-01 14:57:21'),('1531892640035520514','admin1','127.0.0.1',NULL,'com.o11eh.servicedemo.admin.controller.SysBaseController','getAllUrl',NULL,'/sysBase/allUrl','GET',0,0,NULL,'2022-06-01 14:57:21'),('1531892640568197121','admin1','127.0.0.1',NULL,'com.o11eh.servicedemo.admin.controller.PermissionController','apiMatcherPage','{\"size\": 10, \"current\": 1, \"keyword\": \"\"}','/permission/apiMatcher/page','POST',0,25,NULL,'2022-06-01 14:57:21'),('1531892651314003970','admin1','127.0.0.1',NULL,'com.o11eh.servicedemo.admin.controller.RoleController','page','{\"size\": 10, \"current\": 1, \"keyword\": \"\"}','/role/page','POST',0,63,NULL,'2022-06-01 14:57:24'),('1531892651574050818','admin1','127.0.0.1',NULL,'com.o11eh.servicedemo.admin.controller.SysBaseController','permissionDtoTree',NULL,'/sysBase/permissionTree','GET',0,14,NULL,'2022-06-01 14:57:24'),('1531892660637941762','admin1','127.0.0.1',NULL,'com.o11eh.servicedemo.admin.controller.PermissionController','getRolePermissions','\"1515169528258658306\"','/permission/granted/1515169528258658306','GET',0,9,NULL,'2022-06-01 14:57:26'),('1531892711250608130','admin1','127.0.0.1','角色更新','com.o11eh.servicedemo.admin.controller.RoleController','update','{\"id\": \"1515169528258658306\", \"name\": \"仅路由\", \"status\": \"启用\", \"summary\": \"只有路由菜单权限\", \"permissionKeys\": [\"resource:router\", \"permission:router\", \"role:router\", \"admin:router\", \"apiPerm:router\", \"sysParam:router\", \"log:router\", \"syslog:router\"]}','/role','PUT',0,178,NULL,'2022-06-01 14:57:38'),('1531892713221931010','admin1','127.0.0.1',NULL,'com.o11eh.servicedemo.admin.controller.RoleController','page','{\"size\": 10, \"current\": 1, \"keyword\": \"\"}','/role/page','POST',0,20,NULL,'2022-06-01 14:57:39'),('1531892734017290241','admin1','127.0.0.1',NULL,'com.o11eh.servicedemo.admin.controller.RoleController','page','{\"size\": 10, \"current\": 1, \"keyword\": \"\"}','/role/page','POST',0,21,NULL,'2022-06-01 14:57:44'),('1531892734470275073','admin1','127.0.0.1',NULL,'com.o11eh.servicedemo.admin.controller.SysBaseController','permissionDtoTree',NULL,'/sysBase/permissionTree','GET',0,12,NULL,'2022-06-01 14:57:44'),('1531892741323767810','admin1','127.0.0.1',NULL,'com.o11eh.servicedemo.admin.controller.SysBaseController','getSysParamPage','{\"size\": 10, \"current\": 1, \"keyword\": \"\"}','/sysBase/sysParam/page','POST',0,37,NULL,'2022-06-01 14:57:45'),('1531892748705742850','admin1','127.0.0.1',NULL,'com.o11eh.servicedemo.admin.controller.SysBaseController','adminDto',NULL,'/sysBase/adminDto','GET',0,10,NULL,'2022-06-01 14:57:47'),('1531892748835766273','admin1','127.0.0.1',NULL,'com.o11eh.servicedemo.admin.controller.SysBaseController','getSysLogPage','{\"ip\": \"\", \"size\": 10, \"current\": 1, \"endTime\": null, \"keyword\": \"\", \"operation\": \"\", \"operators\": [], \"startTime\": null}','/sysBase/sysLogPage','POST',0,29,NULL,'2022-06-01 14:57:47'),('1531892751247491073','admin1','127.0.0.1',NULL,'com.o11eh.servicedemo.admin.controller.PermissionController','list',NULL,'/permission/list','GET',0,14,NULL,'2022-06-01 14:57:48'),('1531892752094740482','admin1','127.0.0.1',NULL,'com.o11eh.servicedemo.admin.controller.SysBaseController','permissionDto',NULL,'/sysBase/permissionDto','GET',0,11,NULL,'2022-06-01 14:57:48'),('1531892759468326914','admin1','127.0.0.1',NULL,'com.o11eh.servicedemo.admin.controller.SysBaseController','permissionDtoTree',NULL,'/sysBase/permissionTree','GET',0,9,NULL,'2022-06-01 14:57:50'),('1531892759929700353','admin1','127.0.0.1',NULL,'com.o11eh.servicedemo.admin.controller.RoleController','page','{\"size\": 10, \"current\": 1, \"keyword\": \"\"}','/role/page','POST',0,24,NULL,'2022-06-01 14:57:50'),('1531892776883077122','admin1','127.0.0.1',NULL,'com.o11eh.servicedemo.admin.controller.AdminController','page','{\"size\": 10, \"current\": 1, \"keyword\": \"\"}','/admin/page','POST',0,33,NULL,'2022-06-01 14:57:54'),('1531892777541582850','admin1','127.0.0.1',NULL,'com.o11eh.servicedemo.admin.controller.SysBaseController','roleDto',NULL,'/sysBase/roleDto','GET',0,9,NULL,'2022-06-01 14:57:54'),('1531892900652793857','admin1','127.0.0.1',NULL,'com.o11eh.servicedemo.admin.controller.AdminController','page','{\"size\": 10, \"current\": 1, \"keyword\": \"\"}','/admin/page','POST',0,32,NULL,'2022-06-01 14:58:23'),('1531892900849926146','admin1','127.0.0.1',NULL,'com.o11eh.servicedemo.admin.controller.SysBaseController','roleDto',NULL,'/sysBase/roleDto','GET',0,10,NULL,'2022-06-01 14:58:23'),('1531892929383776258','admin1','127.0.0.1','管理员删除','com.o11eh.servicedemo.admin.controller.AdminController','delete','[1522133730198286338]','/admin','DELETE',0,45,NULL,'2022-06-01 14:58:30'),('1531892931413819393','admin1','127.0.0.1',NULL,'com.o11eh.servicedemo.admin.controller.AdminController','page','{\"size\": 10, \"current\": 1, \"keyword\": \"\"}','/admin/page','POST',0,24,NULL,'2022-06-01 14:58:31'),('1531893085093117954','admin1','127.0.0.1','管理员新建','com.o11eh.servicedemo.admin.controller.AdminController','create','{\"avatar\": null, \"roleId\": \"1515169528258658306\", \"status\": \"启用\", \"nickName\": \"仅路由\", \"username\": \"admin4\"}','/admin','POST',0,118,NULL,'2022-06-01 14:59:07'),('1531893087056052225','admin1','127.0.0.1',NULL,'com.o11eh.servicedemo.admin.controller.AdminController','page','{\"size\": 10, \"current\": 1, \"keyword\": \"\"}','/admin/page','POST',0,22,NULL,'2022-06-01 14:59:08'),('1531893113119457282','admin4','127.0.0.1',NULL,'com.o11eh.servicedemo.admin.controller.SysBaseController','roleDto',NULL,'/sysBase/roleDto','GET',0,11,NULL,'2022-06-01 14:59:14'),('1531893132044156930','admin4','127.0.0.1',NULL,'com.o11eh.servicedemo.admin.controller.SysBaseController','permissionDto',NULL,'/sysBase/permissionDto','GET',0,11,NULL,'2022-06-01 14:59:19'),('1531893145088442369','admin4','127.0.0.1',NULL,'com.o11eh.servicedemo.admin.controller.SysBaseController','permissionDtoTree',NULL,'/sysBase/permissionTree','GET',0,9,NULL,'2022-06-01 14:59:22'),('1531893153036648450','admin4','127.0.0.1',NULL,'com.o11eh.servicedemo.admin.controller.SysBaseController','roleDto',NULL,'/sysBase/roleDto','GET',0,8,NULL,'2022-06-01 14:59:24'),('1531893163476271106','admin4','127.0.0.1',NULL,'com.o11eh.servicedemo.admin.controller.SysBaseController','getAllUrl',NULL,'/sysBase/allUrl','GET',0,0,NULL,'2022-06-01 14:59:26'),('1531893163539185666','admin4','127.0.0.1',NULL,'com.o11eh.servicedemo.admin.controller.SysBaseController','permissionDto',NULL,'/sysBase/permissionDto','GET',0,9,NULL,'2022-06-01 14:59:26'),('1531893191125123074','admin4','127.0.0.1',NULL,'com.o11eh.servicedemo.admin.controller.SysBaseController','getSysLogPage','{\"ip\": \"\", \"size\": 10, \"current\": 1, \"endTime\": null, \"keyword\": \"\", \"operation\": \"\", \"operators\": [], \"startTime\": null}','/sysBase/sysLogPage','POST',0,25,NULL,'2022-06-01 14:59:33'),('1531893192366637057','admin4','127.0.0.1',NULL,'com.o11eh.servicedemo.admin.controller.SysBaseController','adminDto',NULL,'/sysBase/adminDto','GET',0,9,NULL,'2022-06-01 14:59:33'),('1531893206153314306','admin4','127.0.0.1',NULL,'com.o11eh.servicedemo.admin.controller.SysBaseController','getSysLogPage','{\"ip\": \"\", \"size\": 10, \"current\": 1, \"endTime\": null, \"keyword\": \"\", \"operation\": \"\", \"operators\": [], \"startTime\": null}','/sysBase/sysLogPage','POST',0,24,NULL,'2022-06-01 14:59:36'),('1531893271362158594','admin4','127.0.0.1',NULL,'com.o11eh.servicedemo.admin.controller.SysBaseController','getSysLogPage','{\"ip\": \"\", \"size\": 10, \"current\": 1, \"endTime\": null, \"keyword\": \"\", \"operation\": \"\", \"operators\": [], \"startTime\": null}','/sysBase/sysLogPage','POST',0,31,NULL,'2022-06-01 14:59:52'),('1531893287120158721','admin4','127.0.0.1',NULL,'com.o11eh.servicedemo.admin.controller.SysBaseController','roleDto',NULL,'/sysBase/roleDto','GET',0,8,NULL,'2022-06-01 14:59:56'),('1531893967029420033','admin1','127.0.0.1',NULL,'com.o11eh.servicedemo.admin.controller.AdminController','page','{\"size\": 10, \"current\": 1, \"keyword\": \"\"}','/admin/page','POST',0,29,NULL,'2022-06-01 15:02:38'),('1531893967612428289','admin1','127.0.0.1',NULL,'com.o11eh.servicedemo.admin.controller.SysBaseController','roleDto',NULL,'/sysBase/roleDto','GET',0,9,NULL,'2022-06-01 15:02:38'),('1531900721507221505','admin1','0:0:0:0:0:0:0:1',NULL,'com.o11eh.servicedemo.admin.controller.AdminController','resetPassword','[\"1\", \"1\"]','/admin/resetPassword','POST',1,113,'旧密码错误','2022-06-01 15:29:28'),('1531900789857599490','admin1','0:0:0:0:0:0:0:1',NULL,'com.o11eh.servicedemo.admin.controller.AdminController','resetPassword','[\"1\", \"1\"]','/admin/resetPassword','POST',1,5488,'旧密码错误','2022-06-01 15:29:44'),('1531900863589269506',NULL,'0:0:0:0:0:0:0:1',NULL,'com.o11eh.servicedemo.admin.controller.AdminController','resetPassword','[\"1\", \"1\"]','/admin/resetPassword','POST',1,3461,'Token无效：8e13e8104199401fb313693e00f5d668','2022-06-01 15:30:02'),('1531901058221752322',NULL,'0:0:0:0:0:0:0:1',NULL,'com.o11eh.servicedemo.admin.controller.AdminController','resetPassword','[\"234\", \"34\"]','/admin/resetPassword','POST',1,1961,'Token无效：8e13e8104199401fb313693e00f5d668','2022-06-01 15:30:48'),('1531901181341351937',NULL,'0:0:0:0:0:0:0:1',NULL,'com.o11eh.servicedemo.admin.controller.AdminController','resetPassword','[\"1\", \"1\"]','/admin/resetPassword','POST',1,2161,'未提供Token','2022-06-01 15:31:18'),('1531901449973940226','admin1','0:0:0:0:0:0:0:1',NULL,'com.o11eh.servicedemo.admin.controller.AdminController','resetPassword','[\"11111\", \"11111\"]','/admin/resetPassword','POST',0,13463,NULL,'2022-06-01 15:32:22'),('1531901759844925442','admin1','0:0:0:0:0:0:0:1',NULL,'com.o11eh.servicedemo.admin.controller.AdminController','resetPassword','[\"11111\", \"11111\"]','/admin/resetPassword','POST',0,10265,NULL,'2022-06-01 15:33:36'),('1531902194068635649','admin1','0:0:0:0:0:0:0:1',NULL,'com.o11eh.servicedemo.admin.controller.AdminController','resetPassword','[\"11111\", \"11111\"]','/admin/resetPassword','POST',0,100636,NULL,'2022-06-01 15:35:19'),('1531903080098578434','admin1','127.0.0.1',NULL,'com.o11eh.servicedemo.admin.controller.AdminController','resetPassword','[\"undefined\", \"undefined\"]','/admin/resetPassword','POST',1,3686,'旧密码错误','2022-06-01 15:38:50'),('1531903080232796161','admin1','127.0.0.1',NULL,'com.o11eh.servicedemo.admin.controller.AdminController','resetPassword','[\"undefined\", \"undefined\"]','/admin/resetPassword','POST',1,37,'旧密码错误','2022-06-01 15:38:50'),('1531903098498990081','admin1','127.0.0.1',NULL,'com.o11eh.servicedemo.admin.controller.AdminController','resetPassword','[\"undefined\", \"undefined\"]','/admin/resetPassword','POST',1,37,'旧密码错误','2022-06-01 15:38:55'),('1531906349118169089','admin1','127.0.0.1',NULL,'com.o11eh.servicedemo.admin.controller.SysBaseController','roleDto',NULL,'/sysBase/roleDto','GET',0,34,NULL,'2022-06-01 15:51:50'),('1531906350309351426','admin1','127.0.0.1',NULL,'com.o11eh.servicedemo.admin.controller.AdminController','page','{\"size\": 10, \"current\": 1, \"keyword\": \"\"}','/admin/page','POST',0,140,NULL,'2022-06-01 15:51:50'),('1531907487410331649','admin1','127.0.0.1',NULL,'com.o11eh.servicedemo.admin.controller.SysBaseController','roleDto',NULL,'/sysBase/roleDto','GET',0,15,NULL,'2022-06-01 15:56:21'),('1531907488257581057','admin1','127.0.0.1',NULL,'com.o11eh.servicedemo.admin.controller.AdminController','page','{\"size\": 10, \"current\": 1, \"keyword\": \"\"}','/admin/page','POST',0,91,NULL,'2022-06-01 15:56:21'),('1531907823571214338','admin1','127.0.0.1',NULL,'com.o11eh.servicedemo.admin.controller.AdminController','page','{\"size\": 10, \"current\": 1, \"keyword\": \"\"}','/admin/page','POST',0,49,NULL,'2022-06-01 15:57:41'),('1531907823768346625','admin1','127.0.0.1',NULL,'com.o11eh.servicedemo.admin.controller.SysBaseController','roleDto',NULL,'/sysBase/roleDto','GET',0,13,NULL,'2022-06-01 15:57:41'),('1531907976789139457','admin1','127.0.0.1',NULL,'com.o11eh.servicedemo.admin.controller.SysBaseController','roleDto',NULL,'/sysBase/roleDto','GET',0,11,NULL,'2022-06-01 15:58:18'),('1531907977443450882','admin1','127.0.0.1',NULL,'com.o11eh.servicedemo.admin.controller.AdminController','page','{\"size\": 10, \"current\": 1, \"keyword\": \"\"}','/admin/page','POST',0,34,NULL,'2022-06-01 15:58:18'),('1531908351759917057','admin1','127.0.0.1',NULL,'com.o11eh.servicedemo.admin.controller.SysBaseController','roleDto',NULL,'/sysBase/roleDto','GET',0,10,NULL,'2022-06-01 15:59:47'),('1531908352527474690','admin1','127.0.0.1',NULL,'com.o11eh.servicedemo.admin.controller.AdminController','page','{\"size\": 10, \"current\": 1, \"keyword\": \"\"}','/admin/page','POST',0,27,NULL,'2022-06-01 15:59:47'),('1531908462183358465','admin1','127.0.0.1',NULL,'com.o11eh.servicedemo.admin.controller.AdminController','resetToDefaultPassword','\"1515171134605787138\"','/admin/resetPassword/1515171134605787138','POST',0,49,NULL,'2022-06-01 16:00:14'),('1531908473507979266','admin1','127.0.0.1',NULL,'com.o11eh.servicedemo.admin.controller.AdminController','resetToDefaultPassword','\"1531893084837265409\"','/admin/resetPassword/1531893084837265409','POST',0,35,NULL,'2022-06-01 16:00:16'),('1531908538465165314','admin1','127.0.0.1',NULL,'com.o11eh.servicedemo.admin.controller.AdminController','page','{\"size\": 10, \"current\": 1, \"keyword\": \"\"}','/admin/page','POST',0,27,NULL,'2022-06-01 16:00:32'),('1531908539245305857','admin1','127.0.0.1',NULL,'com.o11eh.servicedemo.admin.controller.SysBaseController','roleDto',NULL,'/sysBase/roleDto','GET',0,10,NULL,'2022-06-01 16:00:32'),('1531908554491600897','admin1','127.0.0.1',NULL,'com.o11eh.servicedemo.admin.controller.AdminController','resetToDefaultPassword','\"1531893084837265409\"','/admin/resetPassword/1531893084837265409','POST',0,29,NULL,'2022-06-01 16:00:36'),('1531908635361976321','admin1','127.0.0.1',NULL,'com.o11eh.servicedemo.admin.controller.AdminController','page','{\"size\": 10, \"current\": 1, \"keyword\": \"\"}','/admin/page','POST',0,35,NULL,'2022-06-01 16:00:55'),('1531908636012093441','admin1','127.0.0.1',NULL,'com.o11eh.servicedemo.admin.controller.SysBaseController','roleDto',NULL,'/sysBase/roleDto','GET',0,13,NULL,'2022-06-01 16:00:55'),('1531908647689035778','admin1','127.0.0.1',NULL,'com.o11eh.servicedemo.admin.controller.AdminController','resetToDefaultPassword','\"1531893084837265409\"','/admin/resetPassword/1531893084837265409','POST',0,30,NULL,'2022-06-01 16:00:58'),('1531908737585553409','admin1','127.0.0.1',NULL,'com.o11eh.servicedemo.admin.controller.AdminController','resetToDefaultPassword','\"1531893084837265409\"','/admin/resetPassword/1531893084837265409','POST',0,32,NULL,'2022-06-01 16:01:19'),('1531932897841987586','admin1','127.0.0.1',NULL,'com.o11eh.servicedemo.admin.controller.PermissionController','list',NULL,'/permission/list','GET',0,29,NULL,'2022-06-01 17:37:19'),('1531932898450161666','admin1','127.0.0.1',NULL,'com.o11eh.servicedemo.admin.controller.SysBaseController','permissionDto',NULL,'/sysBase/permissionDto','GET',0,21,NULL,'2022-06-01 17:37:20'),('1531932902703185921','admin1','127.0.0.1',NULL,'com.o11eh.servicedemo.admin.controller.PermissionController','list',NULL,'/permission/list','GET',0,15,NULL,'2022-06-01 17:37:21'),('1531932903890173954','admin1','127.0.0.1',NULL,'com.o11eh.servicedemo.admin.controller.PermissionController','list',NULL,'/permission/list','GET',0,14,NULL,'2022-06-01 17:37:21'),('1531932906784243713','admin1','127.0.0.1',NULL,'com.o11eh.servicedemo.admin.controller.PermissionController','list',NULL,'/permission/list','GET',0,16,NULL,'2022-06-01 17:37:22'),('1531932915520978945','admin1','127.0.0.1','权限新建','com.o11eh.servicedemo.admin.controller.PermissionController','create','{\"name\": \"1\", \"sort\": 100, \"status\": \"启用\", \"parentId\": null, \"resourceType\": \"操作\", \"permissionKey\": \"1\"}','/permission','POST',0,129,NULL,'2022-06-01 17:37:24'),('1531932917731377153','admin1','127.0.0.1',NULL,'com.o11eh.servicedemo.admin.controller.PermissionController','list',NULL,'/permission/list','GET',0,15,NULL,'2022-06-01 17:37:24'),('1531932928959528961','admin1','127.0.0.1','权限删除','com.o11eh.servicedemo.admin.controller.PermissionController','delete','[1531932915256737793]','/permission','DELETE',0,74,NULL,'2022-06-01 17:37:27'),('1531932931186704386','admin1','127.0.0.1',NULL,'com.o11eh.servicedemo.admin.controller.PermissionController','list',NULL,'/permission/list','GET',0,14,NULL,'2022-06-01 17:37:27'),('1531932940573556738','admin1','127.0.0.1',NULL,'com.o11eh.servicedemo.admin.controller.RoleController','page','{\"size\": 10, \"current\": 1, \"keyword\": \"\"}','/role/page','POST',0,149,NULL,'2022-06-01 17:37:30'),('1531932940829409281','admin1','127.0.0.1',NULL,'com.o11eh.servicedemo.admin.controller.SysBaseController','permissionDtoTree',NULL,'/sysBase/permissionTree','GET',0,15,NULL,'2022-06-01 17:37:30'),('1531932956105064450','admin1','127.0.0.1','角色新建','com.o11eh.servicedemo.admin.controller.RoleController','create','{\"name\": \"2\", \"status\": \"启用\", \"summary\": \"3\", \"permissionKeys\": []}','/role','POST',0,485,NULL,'2022-06-01 17:37:33'),('1531932956889399297','admin1','127.0.0.1',NULL,'com.o11eh.servicedemo.admin.controller.RoleController','page','{\"size\": 10, \"current\": 1, \"keyword\": \"\"}','/role/page','POST',0,36,NULL,'2022-06-01 17:37:34'),('1531932966590824450','admin1','127.0.0.1','角色删除','com.o11eh.servicedemo.admin.controller.RoleController','deleteBatch','[\"1531932954091798530\"]','/role','DELETE',0,96,NULL,'2022-06-01 17:37:36'),('1531932967559708674','admin1','127.0.0.1',NULL,'com.o11eh.servicedemo.admin.controller.RoleController','page','{\"size\": 10, \"current\": 1, \"keyword\": \"\"}','/role/page','POST',0,33,NULL,'2022-06-01 17:37:36'),('1531932971007426561','admin1','127.0.0.1',NULL,'com.o11eh.servicedemo.admin.controller.RoleController','page','{\"size\": 10, \"current\": 1, \"keyword\": \"\"}','/role/page','POST',0,37,NULL,'2022-06-01 17:37:37'),('1531932982164275202','admin1','127.0.0.1',NULL,'com.o11eh.servicedemo.admin.controller.AdminController','page','{\"size\": 10, \"current\": 1, \"keyword\": \"\"}','/admin/page','POST',0,50,NULL,'2022-06-01 17:37:40'),('1531932982625648642','admin1','127.0.0.1',NULL,'com.o11eh.servicedemo.admin.controller.SysBaseController','roleDto',NULL,'/sysBase/roleDto','GET',0,18,NULL,'2022-06-01 17:37:40'),('1531933000237531138','admin1','127.0.0.1','管理员新建','com.o11eh.servicedemo.admin.controller.AdminController','create','{\"avatar\": null, \"roleId\": null, \"status\": \"启用\", \"nickName\": \"1\", \"username\": \"1\"}','/admin','POST',0,119,NULL,'2022-06-01 17:37:44'),('1531933001344827394','admin1','127.0.0.1',NULL,'com.o11eh.servicedemo.admin.controller.AdminController','page','{\"size\": 10, \"current\": 1, \"keyword\": \"\"}','/admin/page','POST',0,32,NULL,'2022-06-01 17:37:44'),('1531933013344731137','admin1','127.0.0.1','管理员删除','com.o11eh.servicedemo.admin.controller.AdminController','delete','[1531932999906181121]','/admin','DELETE',0,61,NULL,'2022-06-01 17:37:47'),('1531933014380724226','admin1','127.0.0.1',NULL,'com.o11eh.servicedemo.admin.controller.AdminController','page','{\"size\": 10, \"current\": 1, \"keyword\": \"\"}','/admin/page','POST',0,29,NULL,'2022-06-01 17:37:47'),('1531933018499530753','admin1','127.0.0.1',NULL,'com.o11eh.servicedemo.admin.controller.SysBaseController','permissionDto',NULL,'/sysBase/permissionDto','GET',0,12,NULL,'2022-06-01 17:37:48'),('1531933019669741569','admin1','127.0.0.1',NULL,'com.o11eh.servicedemo.admin.controller.SysBaseController','getAllUrl',NULL,'/sysBase/allUrl','GET',0,3,NULL,'2022-06-01 17:37:48'),('1531933020261138433','admin1','127.0.0.1',NULL,'com.o11eh.servicedemo.admin.controller.PermissionController','apiMatcherPage','{\"size\": 10, \"current\": 1, \"keyword\": \"\"}','/permission/apiMatcher/page','POST',0,42,NULL,'2022-06-01 17:37:49'),('1531933036748947457','admin1','127.0.0.1','接口鉴权创建','com.o11eh.servicedemo.admin.controller.PermissionController','createApiMatcher','{\"sort\": 100, \"matches\": [], \"methods\": [], \"noMatches\": [], \"stopChain\": true, \"requiredAll\": [], \"requiredAny\": []}','/permission/apiMatcher','POST',0,56,NULL,'2022-06-01 17:37:53'),('1531933039492022274','admin1','127.0.0.1',NULL,'com.o11eh.servicedemo.admin.controller.PermissionController','apiMatcherPage','{\"size\": 10, \"current\": 1, \"keyword\": \"\"}','/permission/apiMatcher/page','POST',0,31,NULL,'2022-06-01 17:37:53'),('1531933047608000514','admin1','127.0.0.1',NULL,'com.o11eh.servicedemo.admin.controller.PermissionController','apiMatcherPage','{\"size\": 10, \"current\": 3, \"keyword\": \"\"}','/permission/apiMatcher/page','POST',0,30,NULL,'2022-06-01 17:37:55'),('1531933058118926337','admin1','127.0.0.1','接口鉴权删除','com.o11eh.servicedemo.admin.controller.PermissionController','deleteApiMatcher','[\"1531933036480512001\"]','/permission/apiMatcher','DELETE',0,61,NULL,'2022-06-01 17:37:58'),('1531933075219103746','admin1','127.0.0.1',NULL,'com.o11eh.servicedemo.admin.controller.SysBaseController','getSysParamPage','{\"size\": 10, \"current\": 1, \"keyword\": \"\"}','/sysBase/sysParam/page','POST',0,26,NULL,'2022-06-01 17:38:02'),('1531933077626634242','admin1','127.0.0.1',NULL,'com.o11eh.servicedemo.admin.controller.SysBaseController','getSysParamPage','{\"size\": 10, \"current\": 1, \"keyword\": \"\"}','/sysBase/sysParam/page','POST',0,25,NULL,'2022-06-01 17:38:02'),('1531933079711203330','admin1','127.0.0.1',NULL,'com.o11eh.servicedemo.admin.controller.SysBaseController','getSysParamPage','{\"size\": 10, \"current\": 1, \"keyword\": \"\"}','/sysBase/sysParam/page','POST',0,29,NULL,'2022-06-01 17:38:03'),('1531933080428429314','admin1','127.0.0.1',NULL,'com.o11eh.servicedemo.admin.controller.SysBaseController','getSysParamPage','{\"size\": 10, \"current\": 1, \"keyword\": \"\"}','/sysBase/sysParam/page','POST',0,29,NULL,'2022-06-01 17:38:03'),('1531933080751390722','admin1','127.0.0.1',NULL,'com.o11eh.servicedemo.admin.controller.SysBaseController','getSysParamPage','{\"size\": 10, \"current\": 1, \"keyword\": \"\"}','/sysBase/sysParam/page','POST',0,23,NULL,'2022-06-01 17:38:03'),('1531933081732857858','admin1','127.0.0.1',NULL,'com.o11eh.servicedemo.admin.controller.SysBaseController','getSysParamPage','{\"size\": 10, \"current\": 1, \"keyword\": \"\"}','/sysBase/sysParam/page','POST',0,31,NULL,'2022-06-01 17:38:03'),('1531933097859956738','admin1','127.0.0.1',NULL,'com.o11eh.servicedemo.admin.controller.SysBaseController','createParam','{\"name\": \"1\", \"sort\": 100, \"value\": \"1\", \"remark\": \"1\", \"paramKey\": \"1\"}','/sysBase/sysParam','POST',0,114,NULL,'2022-06-01 17:38:07'),('1531933099428626433','admin1','127.0.0.1',NULL,'com.o11eh.servicedemo.admin.controller.SysBaseController','getSysParamPage','{\"size\": 10, \"current\": 1, \"keyword\": \"\"}','/sysBase/sysParam/page','POST',0,44,NULL,'2022-06-01 17:38:08'),('1531933109838888962','admin1','127.0.0.1',NULL,'com.o11eh.servicedemo.admin.controller.SysBaseController','deleteParam','[1531933097209839617]','/sysBase/sysParam','DELETE',0,97,NULL,'2022-06-01 17:38:10'),('1531933110891659265','admin1','127.0.0.1',NULL,'com.o11eh.servicedemo.admin.controller.SysBaseController','getSysParamPage','{\"size\": 10, \"current\": 1, \"keyword\": \"\"}','/sysBase/sysParam/page','POST',0,37,NULL,'2022-06-01 17:38:10'),('1531933121708769281','admin1','127.0.0.1',NULL,'com.o11eh.servicedemo.admin.controller.SysBaseController','adminDto',NULL,'/sysBase/adminDto','GET',0,10,NULL,'2022-06-01 17:38:13'),('1531933121897512961','admin1','127.0.0.1',NULL,'com.o11eh.servicedemo.admin.controller.SysBaseController','getSysLogPage','{\"ip\": \"\", \"size\": 10, \"current\": 1, \"endTime\": null, \"keyword\": \"\", \"operation\": \"\", \"operators\": [], \"startTime\": null}','/sysBase/sysLogPage','POST',0,44,NULL,'2022-06-01 17:38:13'),('1531935818260389889','admin1','127.0.0.1',NULL,'com.o11eh.servicedemo.admin.controller.SysBaseController','getSysLogPage','{\"ip\": \"\", \"size\": 10, \"current\": 1, \"endTime\": null, \"keyword\": \"\", \"operation\": \"\", \"operators\": [], \"startTime\": null}','/sysBase/sysLogPage','POST',0,173,NULL,'2022-06-01 17:48:56'),('1531935818616905729','admin1','127.0.0.1',NULL,'com.o11eh.servicedemo.admin.controller.SysBaseController','adminDto',NULL,'/sysBase/adminDto','GET',0,9,NULL,'2022-06-01 17:48:56'),('1531935828876173314','admin1','127.0.0.1',NULL,'com.o11eh.servicedemo.admin.controller.SysBaseController','permissionDto',NULL,'/sysBase/permissionDto','GET',0,12,NULL,'2022-06-01 17:48:58'),('1531935829740199937','admin1','127.0.0.1',NULL,'com.o11eh.servicedemo.admin.controller.PermissionController','list',NULL,'/permission/list','GET',0,29,NULL,'2022-06-01 17:48:58'),('1531935852871786498','admin1','127.0.0.1',NULL,'com.o11eh.servicedemo.admin.controller.PermissionController','apiMatcherPage','{\"size\": 10, \"current\": 1, \"keyword\": \"\"}','/permission/apiMatcher/page','POST',0,24,NULL,'2022-06-01 17:49:04'),('1531935853328965633','admin1','127.0.0.1',NULL,'com.o11eh.servicedemo.admin.controller.SysBaseController','getAllUrl',NULL,'/sysBase/allUrl','GET',0,3,NULL,'2022-06-01 17:49:04'),('1531935853328965634','admin1','127.0.0.1',NULL,'com.o11eh.servicedemo.admin.controller.SysBaseController','permissionDto',NULL,'/sysBase/permissionDto','GET',0,14,NULL,'2022-06-01 17:49:04'),('1531936395807555586','admin1','127.0.0.1','接口鉴权更新','com.o11eh.servicedemo.admin.controller.PermissionController','updateApiMatcher','{\"id\": \"1531525255365599234\", \"sort\": 100, \"matches\": [\"/admin\"], \"methods\": [\"put\"], \"noMatches\": [], \"stopChain\": true, \"requiredAll\": [], \"requiredAny\": [\"1497811107790721025\"]}','/permission/apiMatcher','PUT',0,150,NULL,'2022-06-01 17:51:13'),('1531936413373300737','admin1','127.0.0.1','接口鉴权更新','com.o11eh.servicedemo.admin.controller.PermissionController','updateApiMatcher','{\"id\": \"1531526910140162051\", \"sort\": 100, \"matches\": [\"/permission\"], \"methods\": [\"delete\"], \"noMatches\": [], \"stopChain\": true, \"requiredAll\": [], \"requiredAny\": [\"1497825987499515914\"]}','/permission/apiMatcher','PUT',0,48,NULL,'2022-06-01 17:51:18'),('1531936478896717826','admin1','127.0.0.1','接口鉴权更新','com.o11eh.servicedemo.admin.controller.PermissionController','updateApiMatcher','{\"id\": \"1531524206164647937\", \"sort\": 100, \"matches\": [\"/admin/page\"], \"methods\": [\"post\"], \"noMatches\": [], \"stopChain\": true, \"requiredAll\": [], \"requiredAny\": [\"1515162951845838849\"]}','/permission/apiMatcher','PUT',0,62,NULL,'2022-06-01 17:51:33'),('1531936492712755202','admin1','127.0.0.1','接口鉴权更新','com.o11eh.servicedemo.admin.controller.PermissionController','updateApiMatcher','{\"id\": \"1531524206164647937\", \"sort\": 100, \"matches\": [\"/admin/page\"], \"methods\": [\"post\"], \"noMatches\": [], \"stopChain\": true, \"requiredAll\": [], \"requiredAny\": [\"1515162951845838849\"]}','/permission/apiMatcher','PUT',0,54,NULL,'2022-06-01 17:51:37'),('1531936512862191617','admin1','127.0.0.1','接口鉴权更新','com.o11eh.servicedemo.admin.controller.PermissionController','updateApiMatcher','{\"id\": \"1531524206164647937\", \"sort\": 100, \"matches\": [\"/admin/page\"], \"methods\": [\"post\"], \"noMatches\": [], \"stopChain\": true, \"requiredAll\": [], \"requiredAny\": [\"1515162951845838849\"]}','/permission/apiMatcher','PUT',0,46,NULL,'2022-06-01 17:51:41'),('1531937340570337282','admin1','127.0.0.1','接口鉴权创建','com.o11eh.servicedemo.admin.controller.PermissionController','createApiMatcher','{\"sort\": 100, \"matches\": [], \"methods\": [], \"noMatches\": [], \"stopChain\": true, \"requiredAll\": [], \"requiredAny\": []}','/permission/apiMatcher','POST',0,173,NULL,'2022-06-01 17:54:59'),('1531937376448413698','admin1','127.0.0.1',NULL,'com.o11eh.servicedemo.admin.controller.PermissionController','apiMatcherPage','{\"size\": 10, \"current\": 1, \"keyword\": \"\"}','/permission/apiMatcher/page','POST',0,140,NULL,'2022-06-01 17:55:07'),('1531937389094240258','admin1','127.0.0.1',NULL,'com.o11eh.servicedemo.admin.controller.PermissionController','apiMatcherPage','{\"size\": 10, \"current\": 3, \"keyword\": \"\"}','/permission/apiMatcher/page','POST',0,29,NULL,'2022-06-01 17:55:10'),('1531937409612775426','admin1','127.0.0.1','接口鉴权删除','com.o11eh.servicedemo.admin.controller.PermissionController','deleteApiMatcher','[\"1531937340176072706\"]','/permission/apiMatcher','DELETE',0,65,NULL,'2022-06-01 17:55:15'),('1531937447827079170','admin1','127.0.0.1',NULL,'com.o11eh.servicedemo.admin.controller.SysBaseController','permissionDto',NULL,'/sysBase/permissionDto','GET',0,36,NULL,'2022-06-01 17:55:24'),('1531937448477196289','admin1','127.0.0.1',NULL,'com.o11eh.servicedemo.admin.controller.PermissionController','apiMatcherPage','{\"size\": 10, \"current\": 1, \"keyword\": \"\"}','/permission/apiMatcher/page','POST',0,31,NULL,'2022-06-01 17:55:24'),('1531937448997289986','admin1','127.0.0.1',NULL,'com.o11eh.servicedemo.admin.controller.SysBaseController','getAllUrl',NULL,'/sysBase/allUrl','GET',0,5,NULL,'2022-06-01 17:55:25'),('1531937459617267714','admin1','127.0.0.1',NULL,'com.o11eh.servicedemo.admin.controller.PermissionController','apiMatcherPage','{\"size\": 10, \"current\": 3, \"keyword\": \"\"}','/permission/apiMatcher/page','POST',0,27,NULL,'2022-06-01 17:55:27'),('1531937485890387970','admin1','127.0.0.1','接口鉴权创建','com.o11eh.servicedemo.admin.controller.PermissionController','createApiMatcher','{\"sort\": 100, \"matches\": [], \"methods\": [], \"noMatches\": [], \"stopChain\": true, \"requiredAll\": [], \"requiredAny\": []}','/permission/apiMatcher','POST',0,76,NULL,'2022-06-01 17:55:33'),('1531937497407946754','admin1','127.0.0.1','接口鉴权删除','com.o11eh.servicedemo.admin.controller.PermissionController','deleteApiMatcher','[\"1531937485512900609\"]','/permission/apiMatcher','DELETE',0,52,NULL,'2022-06-01 17:55:36'),('1531937509730811906','admin1','127.0.0.1',NULL,'com.o11eh.servicedemo.admin.controller.PermissionController','apiMatcherPage','{\"size\": 10, \"current\": 3, \"keyword\": \"\"}','/permission/apiMatcher/page','POST',0,27,NULL,'2022-06-01 17:55:39'),('1531937513530851329','admin1','127.0.0.1',NULL,'com.o11eh.servicedemo.admin.controller.PermissionController','apiMatcherPage','{\"size\": 10, \"current\": 3, \"keyword\": \"\"}','/permission/apiMatcher/page','POST',0,26,NULL,'2022-06-01 17:55:40'),('1531937536683409409','admin1','127.0.0.1','接口鉴权创建','com.o11eh.servicedemo.admin.controller.PermissionController','createApiMatcher','{\"sort\": 100, \"matches\": [], \"methods\": [], \"noMatches\": [], \"stopChain\": true, \"requiredAll\": [], \"requiredAny\": []}','/permission/apiMatcher','POST',0,66,NULL,'2022-06-01 17:55:45'),('1531937556501495809','admin1','127.0.0.1','接口鉴权删除','com.o11eh.servicedemo.admin.controller.PermissionController','deleteApiMatcher','[\"1531937536289144833\"]','/permission/apiMatcher','DELETE',0,54,NULL,'2022-06-01 17:55:50'),('1532204151685746690','admin1','127.0.0.1',NULL,'com.o11eh.servicedemo.admin.controller.PermissionController','list',NULL,'/permission/list','GET',0,27,NULL,'2022-06-02 11:35:11'),('1532204152142925825','admin1','127.0.0.1',NULL,'com.o11eh.servicedemo.admin.controller.SysBaseController','permissionDto',NULL,'/sysBase/permissionDto','GET',0,19,NULL,'2022-06-02 11:35:12'),('1532204161638830081','admin1','127.0.0.1',NULL,'com.o11eh.servicedemo.admin.controller.SysBaseController','permissionDtoTree',NULL,'/sysBase/permissionTree','GET',0,16,NULL,'2022-06-02 11:35:14'),('1532204163350106113','admin1','127.0.0.1',NULL,'com.o11eh.servicedemo.admin.controller.RoleController','page','{\"size\": 10, \"current\": 1, \"keyword\": \"\"}','/role/page','POST',0,156,NULL,'2022-06-02 11:35:14'),('1532204168425213954','admin1','127.0.0.1',NULL,'com.o11eh.servicedemo.admin.controller.AdminController','page','{\"size\": 10, \"current\": 1, \"keyword\": \"\"}','/admin/page','POST',0,37,NULL,'2022-06-02 11:35:15'),('1532204169138245634','admin1','127.0.0.1',NULL,'com.o11eh.servicedemo.admin.controller.SysBaseController','roleDto',NULL,'/sysBase/roleDto','GET',0,13,NULL,'2022-06-02 11:35:16'),('1532204174569869313','admin1','127.0.0.1',NULL,'com.o11eh.servicedemo.admin.controller.SysBaseController','getAllUrl',NULL,'/sysBase/allUrl','GET',0,2,NULL,'2022-06-02 11:35:17'),('1532204174636978177','admin1','127.0.0.1',NULL,'com.o11eh.servicedemo.admin.controller.SysBaseController','permissionDto',NULL,'/sysBase/permissionDto','GET',0,12,NULL,'2022-06-02 11:35:17'),('1532204175232569345','admin1','127.0.0.1',NULL,'com.o11eh.servicedemo.admin.controller.PermissionController','apiMatcherPage','{\"size\": 10, \"current\": 1, \"keyword\": \"\"}','/permission/apiMatcher/page','POST',0,24,NULL,'2022-06-02 11:35:17'),('1532204182727790594','admin1','127.0.0.1',NULL,'com.o11eh.servicedemo.admin.controller.SysBaseController','getSysParamPage','{\"size\": 10, \"current\": 1, \"keyword\": \"\"}','/sysBase/sysParam/page','POST',0,36,NULL,'2022-06-02 11:35:19'),('1532204189262516225','admin1','127.0.0.1',NULL,'com.o11eh.servicedemo.admin.controller.SysBaseController','adminDto',NULL,'/sysBase/adminDto','GET',0,13,NULL,'2022-06-02 11:35:20'),('1532204189392539650','admin1','127.0.0.1',NULL,'com.o11eh.servicedemo.admin.controller.SysBaseController','getSysLogPage','{\"ip\": \"\", \"size\": 10, \"current\": 1, \"endTime\": null, \"keyword\": \"\", \"operation\": \"\", \"operators\": [], \"startTime\": null}','/sysBase/sysLogPage','POST',0,37,NULL,'2022-06-02 11:35:20');
/*!40000 ALTER TABLE `sys_log` ENABLE KEYS */;
UNLOCK TABLES;

--
-- Table structure for table `sys_param`
--

DROP TABLE IF EXISTS `sys_param`;
/*!40101 SET @saved_cs_client     = @@character_set_client */;
/*!50503 SET character_set_client = utf8mb4 */;
CREATE TABLE `sys_param` (
  `id` char(19) NOT NULL,
  `name` varchar(50) DEFAULT NULL,
  `param_key` varchar(50) DEFAULT NULL,
  `value` varchar(50) DEFAULT NULL,
  `remark` varchar(100) DEFAULT NULL,
  `sort` tinyint DEFAULT '100',
  `created_by` char(50) DEFAULT NULL,
  `create_time` timestamp NOT NULL DEFAULT CURRENT_TIMESTAMP,
  `updated_by` char(50) DEFAULT NULL,
  `update_time` timestamp NOT NULL DEFAULT CURRENT_TIMESTAMP,
  PRIMARY KEY (`id`)
) ENGINE=InnoDB DEFAULT CHARSET=utf8;
/*!40101 SET character_set_client = @saved_cs_client */;

--
-- Dumping data for table `sys_param`
--

LOCK TABLES `sys_param` WRITE;
/*!40000 ALTER TABLE `sys_param` DISABLE KEYS */;
INSERT INTO `sys_param` VALUES ('1','管理员默认密码','adminDefaultPassword','11111',NULL,1,'admin1','2022-05-19 02:25:57','admin1','2022-05-25 14:38:37');
/*!40000 ALTER TABLE `sys_param` ENABLE KEYS */;
UNLOCK TABLES;
/*!40103 SET TIME_ZONE=@OLD_TIME_ZONE */;

/*!40101 SET SQL_MODE=@OLD_SQL_MODE */;
/*!40014 SET FOREIGN_KEY_CHECKS=@OLD_FOREIGN_KEY_CHECKS */;
/*!40014 SET UNIQUE_CHECKS=@OLD_UNIQUE_CHECKS */;
/*!40101 SET CHARACTER_SET_CLIENT=@OLD_CHARACTER_SET_CLIENT */;
/*!40101 SET CHARACTER_SET_RESULTS=@OLD_CHARACTER_SET_RESULTS */;
/*!40101 SET COLLATION_CONNECTION=@OLD_COLLATION_CONNECTION */;
/*!40111 SET SQL_NOTES=@OLD_SQL_NOTES */;

-- Dump completed on 2022-06-14 17:26:08
